[
  {
    "businessUnitCode": "ACI",
    "businessUnitLabel": "EH USA",
    "contentLanguage": "en"
  },
  {
    "businessUnitCode": "CBAC",
    "businessUnitLabel": "EH Belgium",
    "contentLanguage": "en"
  },
  {
    "businessUnitCode": "CBNL",
    "businessUnitLabel": "EH Netherlands",
    "contentLanguage": "en"
  },
  {
    "businessUnitCode": "CSEC",
    "businessUnitLabel": "COSEC",
    "contentLanguage": "en"
  },
  {
    "businessUnitCode": "CSOB",
    "businessUnitLabel": "EH Czech Republic",
    "contentLanguage": "en"
  },
  {
    "businessUnitCode": "EBHK",
    "businessUnitLabel": "EH Hong Kong",
    "contentLanguage": "en"
  },
  {
    "businessUnitCode": "EBMX",
    "businessUnitLabel": "Solunion Mexico",
    "contentLanguage": "en"
  },
  {
    "businessUnitCode": "EBSG",
    "businessUnitLabel": "EH Singapore",
    "contentLanguage": "en"
  },
  {
    "businessUnitCode": "ECYC",
    "businessUnitLabel": "Solunion Spain",
    "contentLanguage": "en"
  },
  {
    "businessUnitCode": "EHAE",
    "businessUnitLabel": "EH Dubai",
    "contentLanguage": "en"
  },
  {
    "businessUnitCode": "EHAU",
    "businessUnitLabel": "EH Australia",
    "contentLanguage": "en"
  },
  {
    "businessUnitCode": "EHBR",
    "businessUnitLabel": "EH Brazil",
    "contentLanguage": "en"
  },
  {
    "businessUnitCode": "EHCA",
    "businessUnitLabel": "EH Canada",
    "contentLanguage": "en"
  },
  {
    "businessUnitCode": "EHDK",
    "businessUnitLabel": "EH Denmark",
    "contentLanguage": "en"
  },
  {
    "businessUnitCode": "EHEE",
    "businessUnitLabel": "EH Corporate",
    "contentLanguage": "en"
  },
  {
    "businessUnitCode": "EHFI",
    "businessUnitLabel": "EH Finland",
    "contentLanguage": "en"
  },
  {
    "businessUnitCode": "EHGR",
    "businessUnitLabel": "EH Greece",
    "contentLanguage": "en"
  },
  {
    "businessUnitCode": "EHIE",
    "businessUnitLabel": "EH Ireland",
    "contentLanguage": "en"
  },
  {
    "businessUnitCode": "EHJP",
    "businessUnitLabel": "EH Japan",
    "contentLanguage": "en"
  },
  {
    "businessUnitCode": "EHLT",
    "businessUnitLabel": "MMEA Region",
    "contentLanguage": "en"
  },
  {
    "businessUnitCode": "EHLV",
    "businessUnitLabel": "Northern Europe Region",
    "contentLanguage": "en"
  },
  {
    "businessUnitCode": "EHLW",
    "businessUnitLabel": "Americas Region",
    "contentLanguage": "en"
  },
  {
    "businessUnitCode": "EHMA",
    "businessUnitLabel": "EH Morocco",
    "contentLanguage": "en"
  },
  {
    "businessUnitCode": "EHNO",
    "businessUnitLabel": "EH Norway",
    "contentLanguage": "en"
  },
  {
    "businessUnitCode": "EHNZ",
    "businessUnitLabel": "EH New Zealand",
    "contentLanguage": "en"
  },
  {
    "businessUnitCode": "EHRO",
    "businessUnitLabel": "EH Romania",
    "contentLanguage": "en"
  },
  {
    "businessUnitCode": "EHRU",
    "businessUnitLabel": "EH Russia",
    "contentLanguage": "en"
  },
  {
    "businessUnitCode": "EHSE",
    "businessUnitLabel": "EH Sweden",
    "contentLanguage": "en"
  },
  {
    "businessUnitCode": "EHSK",
    "businessUnitLabel": "EH Slovakia",
    "contentLanguage": "en"
  },
  {
    "businessUnitCode": "EHTR",
    "businessUnitLabel": "EH Turkey",
    "contentLanguage": "en"
  },
  {
    "businessUnitCode": "EHTW",
    "businessUnitLabel": "EH Taiwan",
    "contentLanguage": "en"
  },
  {
    "businessUnitCode": "EHWA",
    "businessUnitLabel": "EH WA",
    "contentLanguage": "en"
  },
  {
    "businessUnitCode": "EHXX",
    "businessUnitLabel": "EH Services",
    "contentLanguage": "en"
  },
  {
    "businessUnitCode": "EHZA",
    "businessUnitLabel": "EH South Africa",
    "contentLanguage": "en"
  },
  {
    "businessUnitCode": "EUBE",
    "businessUnitLabel": "EH Credit Insurance (EU)",
    "contentLanguage": "en"
  },
  {
    "businessUnitCode": "HERM",
    "businessUnitLabel": "EH Germany",
    "contentLanguage": "en"
  },
  {
    "businessUnitCode": "HHUN",
    "businessUnitLabel": "EH Hungary",
    "contentLanguage": "en"
  },
  {
    "businessUnitCode": "HPOL",
    "businessUnitLabel": "EH Poland",
    "contentLanguage": "en"
  },
  {
    "businessUnitCode": "HSWI",
    "businessUnitLabel": "EH Switzerland",
    "contentLanguage": "en"
  },
  {
    "businessUnitCode": "ICIC",
    "businessUnitLabel": "ICIC",
    "contentLanguage": "en"
  },
  {
    "businessUnitCode": "PRIS",
    "businessUnitLabel": "Prisma",
    "contentLanguage": "en"
  },
  {
    "businessUnitCode": "SFAC",
    "businessUnitLabel": "EH France",
    "contentLanguage": "en"
  },
  {
    "businessUnitCode": "SIAC",
    "businessUnitLabel": "EH Italy",
    "contentLanguage": "en"
  },
  {
    "businessUnitCode": "SOCL",
    "businessUnitLabel": "Solunion Chile",
    "contentLanguage": "en"
  },
  {
    "businessUnitCode": "SOCO",
    "businessUnitLabel": "Solunion Colombia",
    "contentLanguage": "en"
  },
  {
    "businessUnitCode": "TI",
    "businessUnitLabel": "EH UK",
    "contentLanguage": "en"
  }
]