[
	{
		"countryCode": "AD",
		"countryLabel": "Andorra",
		"countryCommonLabel": "Andorra",
		"contentLanguage": "en"
	},
	{
		"countryCode": "AE",
		"countryLabel": "United Arab Emirates (the)",
		"countryCommonLabel": "United Arab Emirates",
		"contentLanguage": "en"
	},
	{
		"countryCode": "AF",
		"countryLabel": "Afghanistan",
		"countryCommonLabel": "Afghanistan",
		"contentLanguage": "en"
	},
	{
		"countryCode": "AG",
		"countryLabel": "Antigua and Barbuda",
		"countryCommonLabel": "Antigua and Barbuda",
		"contentLanguage": "en"
	},
	{
		"countryCode": "AI",
		"countryLabel": "Anguilla",
		"countryCommonLabel": "Anguilla",
		"contentLanguage": "en"
	},
	{
		"countryCode": "AL",
		"countryLabel": "Albania",
		"countryCommonLabel": "Albania",
		"contentLanguage": "en"
	},
	{
		"countryCode": "AM",
		"countryLabel": "Armenia",
		"countryCommonLabel": "Armenia",
		"contentLanguage": "en"
	},
	{
		"countryCode": "AO",
		"countryLabel": "Angola",
		"countryCommonLabel": "Angola",
		"contentLanguage": "en"
	},
	{
		"countryCode": "AQ",
		"countryLabel": "Antarctica",
		"countryCommonLabel": "Antarctica",
		"contentLanguage": "en"
	},
	{
		"countryCode": "AR",
		"countryLabel": "Argentina",
		"countryCommonLabel": "Argentina",
		"contentLanguage": "en"
	},
	{
		"countryCode": "AS",
		"countryLabel": "American Samoa",
		"countryCommonLabel": "American Samoa",
		"contentLanguage": "en"
	},
	{
		"countryCode": "AT",
		"countryLabel": "Austria",
		"countryCommonLabel": "Austria",
		"contentLanguage": "en"
	},
	{
		"countryCode": "AU",
		"countryLabel": "Australia",
		"countryCommonLabel": "Australia",
		"contentLanguage": "en"
	},
	{
		"countryCode": "AW",
		"countryLabel": "Aruba",
		"countryCommonLabel": "Aruba",
		"contentLanguage": "en"
	},
	{
		"countryCode": "AX",
		"countryLabel": "Åland Islands",
		"countryCommonLabel": "Åland Islands",
		"contentLanguage": "en"
	},
	{
		"countryCode": "AZ",
		"countryLabel": "Azerbaijan",
		"countryCommonLabel": "Azerbaijan",
		"contentLanguage": "en"
	},
	{
		"countryCode": "BA",
		"countryLabel": "Bosnia and Herzegovina",
		"countryCommonLabel": "Bosnia and Herzegovina",
		"contentLanguage": "en"
	},
	{
		"countryCode": "BB",
		"countryLabel": "Barbados",
		"countryCommonLabel": "Barbados",
		"contentLanguage": "en"
	},
	{
		"countryCode": "BD",
		"countryLabel": "Bangladesh",
		"countryCommonLabel": "Bangladesh",
		"contentLanguage": "en"
	},
	{
		"countryCode": "BE",
		"countryLabel": "Belgium",
		"countryCommonLabel": "Belgium",
		"contentLanguage": "en"
	},
	{
		"countryCode": "BF",
		"countryLabel": "Burkina Faso",
		"countryCommonLabel": "Burkina Faso",
		"contentLanguage": "en"
	},
	{
		"countryCode": "BG",
		"countryLabel": "Bulgaria",
		"countryCommonLabel": "Bulgaria",
		"contentLanguage": "en"
	},
	{
		"countryCode": "BH",
		"countryLabel": "Bahrain",
		"countryCommonLabel": "Bahrain",
		"contentLanguage": "en"
	},
	{
		"countryCode": "BI",
		"countryLabel": "Burundi",
		"countryCommonLabel": "Burundi",
		"contentLanguage": "en"
	},
	{
		"countryCode": "BJ",
		"countryLabel": "Benin",
		"countryCommonLabel": "Benin",
		"contentLanguage": "en"
	},
	{
		"countryCode": "BL",
		"countryLabel": "Saint Barthélemy",
		"countryCommonLabel": "Saint Barthélemy",
		"contentLanguage": "en"
	},
	{
		"countryCode": "BM",
		"countryLabel": "Bermuda",
		"countryCommonLabel": "Bermuda",
		"contentLanguage": "en"
	},
	{
		"countryCode": "BN",
		"countryLabel": "Brunei Darussalam",
		"countryCommonLabel": "Brunei Darussalam",
		"contentLanguage": "en"
	},
	{
		"countryCode": "BO",
		"countryLabel": "Bolivia (Plurinational State of)",
		"countryCommonLabel": "Bolivia",
		"contentLanguage": "en"
	},
	{
		"countryCode": "BQ",
		"countryLabel": "Bonaire, Sint Eustatius and Saba",
		"countryCommonLabel": "Bonaire, Sint Eustatius and Saba",
		"contentLanguage": "en"
	},
	{
		"countryCode": "BR",
		"countryLabel": "Brazil",
		"countryCommonLabel": "Brazil",
		"contentLanguage": "en"
	},
	{
		"countryCode": "BS",
		"countryLabel": "Bahamas (the)",
		"countryCommonLabel": "Bahamas",
		"contentLanguage": "en"
	},
	{
		"countryCode": "BT",
		"countryLabel": "Bhutan",
		"countryCommonLabel": "Bhutan",
		"contentLanguage": "en"
	},
	{
		"countryCode": "BV",
		"countryLabel": "Bouvet Island",
		"countryCommonLabel": "Bouvet Island",
		"contentLanguage": "en"
	},
	{
		"countryCode": "BW",
		"countryLabel": "Botswana",
		"countryCommonLabel": "Botswana",
		"contentLanguage": "en"
	},
	{
		"countryCode": "BY",
		"countryLabel": "Belarus",
		"countryCommonLabel": "Belarus",
		"contentLanguage": "en"
	},
	{
		"countryCode": "BZ",
		"countryLabel": "Belize",
		"countryCommonLabel": "Belize",
		"contentLanguage": "en"
	},
	{
		"countryCode": "CA",
		"countryLabel": "Canada",
		"countryCommonLabel": "Canada",
		"contentLanguage": "en"
	},
	{
		"countryCode": "CC",
		"countryLabel": "Cocos (Keeling) Islands (the)",
		"countryCommonLabel": "Cocos (Keeling) Islands",
		"contentLanguage": "en"
	},
	{
		"countryCode": "CD",
		"countryLabel": "Congo (the Democratic Republic of the)",
		"countryCommonLabel": "Congo D.R.",
		"contentLanguage": "en"
	},
	{
		"countryCode": "CF",
		"countryLabel": "Central African Republic (the)",
		"countryCommonLabel": "Central African Republic",
		"contentLanguage": "en"
	},
	{
		"countryCode": "CG",
		"countryLabel": "Congo (the)",
		"countryCommonLabel": "Congo",
		"contentLanguage": "en"
	},
	{
		"countryCode": "CH",
		"countryLabel": "Switzerland",
		"countryCommonLabel": "Switzerland",
		"contentLanguage": "en"
	},
	{
		"countryCode": "CI",
		"countryLabel": "Côte d'Ivoire",
		"countryCommonLabel": "Ivory Coast",
		"contentLanguage": "en"
	},
	{
		"countryCode": "CK",
		"countryLabel": "Cook Islands (the)",
		"countryCommonLabel": "Cook Islands",
		"contentLanguage": "en"
	},
	{
		"countryCode": "CL",
		"countryLabel": "Chile",
		"countryCommonLabel": "Chile",
		"contentLanguage": "en"
	},
	{
		"countryCode": "CM",
		"countryLabel": "Cameroon",
		"countryCommonLabel": "Cameroon",
		"contentLanguage": "en"
	},
	{
		"countryCode": "CN",
		"countryLabel": "China",
		"countryCommonLabel": "China",
		"contentLanguage": "en"
	},
	{
		"countryCode": "CO",
		"countryLabel": "Colombia",
		"countryCommonLabel": "Colombia",
		"contentLanguage": "en"
	},
	{
		"countryCode": "CR",
		"countryLabel": "Costa Rica",
		"countryCommonLabel": "Costa Rica",
		"contentLanguage": "en"
	},
	{
		"countryCode": "CU",
		"countryLabel": "Cuba",
		"countryCommonLabel": "Cuba",
		"contentLanguage": "en"
	},
	{
		"countryCode": "CV",
		"countryLabel": "Cabo Verde",
		"countryCommonLabel": "Cape Verde",
		"contentLanguage": "en"
	},
	{
		"countryCode": "CW",
		"countryLabel": "Curaçao",
		"countryCommonLabel": "Curaçao",
		"contentLanguage": "en"
	},
	{
		"countryCode": "CX",
		"countryLabel": "Christmas Island",
		"countryCommonLabel": "Christmas Island",
		"contentLanguage": "en"
	},
	{
		"countryCode": "CY",
		"countryLabel": "Cyprus",
		"countryCommonLabel": "Cyprus",
		"contentLanguage": "en"
	},
	{
		"countryCode": "CZ",
		"countryLabel": "Czechia",
		"countryCommonLabel": "Czech Republic",
		"contentLanguage": "en"
	},
	{
		"countryCode": "DE",
		"countryLabel": "Germany",
		"countryCommonLabel": "Germany",
		"contentLanguage": "en"
	},
	{
		"countryCode": "DJ",
		"countryLabel": "Djibouti",
		"countryCommonLabel": "Djibouti",
		"contentLanguage": "en"
	},
	{
		"countryCode": "DK",
		"countryLabel": "Denmark",
		"countryCommonLabel": "Denmark",
		"contentLanguage": "en"
	},
	{
		"countryCode": "DM",
		"countryLabel": "Dominica",
		"countryCommonLabel": "Dominica",
		"contentLanguage": "en"
	},
	{
		"countryCode": "DO",
		"countryLabel": "Dominican Republic (the)",
		"countryCommonLabel": "Dominican Republic",
		"contentLanguage": "en"
	},
	{
		"countryCode": "DZ",
		"countryLabel": "Algeria",
		"countryCommonLabel": "Algeria",
		"contentLanguage": "en"
	},
	{
		"countryCode": "EC",
		"countryLabel": "Ecuador",
		"countryCommonLabel": "Ecuador",
		"contentLanguage": "en"
	},
	{
		"countryCode": "EE",
		"countryLabel": "Estonia",
		"countryCommonLabel": "Estonia",
		"contentLanguage": "en"
	},
	{
		"countryCode": "EG",
		"countryLabel": "Egypt",
		"countryCommonLabel": "Egypt",
		"contentLanguage": "en"
	},
	{
		"countryCode": "EH",
		"countryLabel": "Western Sahara*",
		"countryCommonLabel": "Western Sahara",
		"contentLanguage": "en"
	},
	{
		"countryCode": "ER",
		"countryLabel": "Eritrea",
		"countryCommonLabel": "Eritrea",
		"contentLanguage": "en"
	},
	{
		"countryCode": "ES",
		"countryLabel": "Spain",
		"countryCommonLabel": "Spain",
		"contentLanguage": "en"
	},
	{
		"countryCode": "ET",
		"countryLabel": "Ethiopia",
		"countryCommonLabel": "Ethiopia",
		"contentLanguage": "en"
	},
	{
		"countryCode": "FI",
		"countryLabel": "Finland",
		"countryCommonLabel": "Finland",
		"contentLanguage": "en"
	},
	{
		"countryCode": "FJ",
		"countryLabel": "Fiji",
		"countryCommonLabel": "Fiji",
		"contentLanguage": "en"
	},
	{
		"countryCode": "FK",
		"countryLabel": "Falkland Islands (the) [Malvinas]",
		"countryCommonLabel": "Falkland Islands",
		"contentLanguage": "en"
	},
	{
		"countryCode": "FM",
		"countryLabel": "Micronesia (Federated States of)",
		"countryCommonLabel": "Micronesia, FS of",
		"contentLanguage": "en"
	},
	{
		"countryCode": "FO",
		"countryLabel": "Faroe Islands (the)",
		"countryCommonLabel": "Faroe Islands",
		"contentLanguage": "en"
	},
	{
		"countryCode": "FR",
		"countryLabel": "France",
		"countryCommonLabel": "France",
		"contentLanguage": "en"
	},
	{
		"countryCode": "GA",
		"countryLabel": "Gabon",
		"countryCommonLabel": "Gabon",
		"contentLanguage": "en"
	},
	{
		"countryCode": "GB",
		"countryLabel": "United Kingdom of Great Britain and Northern Ireland (the)",
		"countryCommonLabel": "United Kingdom",
		"contentLanguage": "en"
	},
	{
		"countryCode": "GD",
		"countryLabel": "Grenada",
		"countryCommonLabel": "Grenada",
		"contentLanguage": "en"
	},
	{
		"countryCode": "GE",
		"countryLabel": "Georgia",
		"countryCommonLabel": "Georgia",
		"contentLanguage": "en"
	},
	{
		"countryCode": "GF",
		"countryLabel": "French Guiana",
		"countryCommonLabel": "French Guiana",
		"contentLanguage": "en"
	},
	{
		"countryCode": "GG",
		"countryLabel": "Guernsey",
		"countryCommonLabel": "Guernsey",
		"contentLanguage": "en"
	},
	{
		"countryCode": "GH",
		"countryLabel": "Ghana",
		"countryCommonLabel": "Ghana",
		"contentLanguage": "en"
	},
	{
		"countryCode": "GI",
		"countryLabel": "Gibraltar",
		"countryCommonLabel": "Gibraltar",
		"contentLanguage": "en"
	},
	{
		"countryCode": "GL",
		"countryLabel": "Greenland",
		"countryCommonLabel": "Greenland",
		"contentLanguage": "en"
	},
	{
		"countryCode": "GM",
		"countryLabel": "Gambia (the)",
		"countryCommonLabel": "Gambia",
		"contentLanguage": "en"
	},
	{
		"countryCode": "GN",
		"countryLabel": "Guinea",
		"countryCommonLabel": "Guinea",
		"contentLanguage": "en"
	},
	{
		"countryCode": "GP",
		"countryLabel": "Guadeloupe",
		"countryCommonLabel": "Guadeloupe",
		"contentLanguage": "en"
	},
	{
		"countryCode": "GQ",
		"countryLabel": "Equatorial Guinea",
		"countryCommonLabel": "Equatorial Guinea",
		"contentLanguage": "en"
	},
	{
		"countryCode": "GR",
		"countryLabel": "Greece",
		"countryCommonLabel": "Greece",
		"contentLanguage": "en"
	},
	{
		"countryCode": "GS",
		"countryLabel": "South Georgia and the South Sandwich Islands",
		"countryCommonLabel": "Sth Georgia/Sandwich Isld",
		"contentLanguage": "en"
	},
	{
		"countryCode": "GT",
		"countryLabel": "Guatemala",
		"countryCommonLabel": "Guatemala",
		"contentLanguage": "en"
	},
	{
		"countryCode": "GU",
		"countryLabel": "Guam",
		"countryCommonLabel": "Guam",
		"contentLanguage": "en"
	},
	{
		"countryCode": "GW",
		"countryLabel": "Guinea-Bissau",
		"countryCommonLabel": "Guinea-Bissau",
		"contentLanguage": "en"
	},
	{
		"countryCode": "GY",
		"countryLabel": "Guyana",
		"countryCommonLabel": "Guyana",
		"contentLanguage": "en"
	},
	{
		"countryCode": "HK",
		"countryLabel": "Hong Kong",
		"countryCommonLabel": "Hong Kong",
		"contentLanguage": "en"
	},
	{
		"countryCode": "HM",
		"countryLabel": "Heard Island and McDonald Islands",
		"countryCommonLabel": "Heard & Mc Donald Islands",
		"contentLanguage": "en"
	},
	{
		"countryCode": "HN",
		"countryLabel": "Honduras",
		"countryCommonLabel": "Honduras",
		"contentLanguage": "en"
	},
	{
		"countryCode": "HR",
		"countryLabel": "Croatia",
		"countryCommonLabel": "Croatia",
		"contentLanguage": "en"
	},
	{
		"countryCode": "HT",
		"countryLabel": "Haiti",
		"countryCommonLabel": "Haiti",
		"contentLanguage": "en"
	},
	{
		"countryCode": "HU",
		"countryLabel": "Hungary",
		"countryCommonLabel": "Hungary",
		"contentLanguage": "en"
	},
	{
		"countryCode": "ID",
		"countryLabel": "Indonesia",
		"countryCommonLabel": "Indonesia",
		"contentLanguage": "en"
	},
	{
		"countryCode": "IE",
		"countryLabel": "Ireland",
		"countryCommonLabel": "Ireland",
		"contentLanguage": "en"
	},
	{
		"countryCode": "IL",
		"countryLabel": "Israel",
		"countryCommonLabel": "Israel",
		"contentLanguage": "en"
	},
	{
		"countryCode": "IM",
		"countryLabel": "Isle of Man",
		"countryCommonLabel": "Isle of Man",
		"contentLanguage": "en"
	},
	{
		"countryCode": "IN",
		"countryLabel": "India",
		"countryCommonLabel": "India",
		"contentLanguage": "en"
	},
	{
		"countryCode": "IO",
		"countryLabel": "British Indian Ocean Territory (the)",
		"countryCommonLabel": "British Indian Ocean Ter.",
		"contentLanguage": "en"
	},
	{
		"countryCode": "IQ",
		"countryLabel": "Iraq",
		"countryCommonLabel": "Iraq",
		"contentLanguage": "en"
	},
	{
		"countryCode": "IR",
		"countryLabel": "Iran (Islamic Republic of)",
		"countryCommonLabel": "Iran, Islamic Republic of",
		"contentLanguage": "en"
	},
	{
		"countryCode": "IS",
		"countryLabel": "Iceland",
		"countryCommonLabel": "Iceland",
		"contentLanguage": "en"
	},
	{
		"countryCode": "IT",
		"countryLabel": "Italy",
		"countryCommonLabel": "Italy",
		"contentLanguage": "en"
	},
	{
		"countryCode": "JE",
		"countryLabel": "Jersey",
		"countryCommonLabel": "Jersey",
		"contentLanguage": "en"
	},
	{
		"countryCode": "JM",
		"countryLabel": "Jamaica",
		"countryCommonLabel": "Jamaica",
		"contentLanguage": "en"
	},
	{
		"countryCode": "JO",
		"countryLabel": "Jordan",
		"countryCommonLabel": "Jordan",
		"contentLanguage": "en"
	},
	{
		"countryCode": "JP",
		"countryLabel": "Japan",
		"countryCommonLabel": "Japan",
		"contentLanguage": "en"
	},
	{
		"countryCode": "KE",
		"countryLabel": "Kenya",
		"countryCommonLabel": "Kenya",
		"contentLanguage": "en"
	},
	{
		"countryCode": "KG",
		"countryLabel": "Kyrgyzstan",
		"countryCommonLabel": "Kyrgyzstan",
		"contentLanguage": "en"
	},
	{
		"countryCode": "KH",
		"countryLabel": "Cambodia",
		"countryCommonLabel": "Cambodia",
		"contentLanguage": "en"
	},
	{
		"countryCode": "KI",
		"countryLabel": "Kiribati",
		"countryCommonLabel": "Kiribati",
		"contentLanguage": "en"
	},
	{
		"countryCode": "KM",
		"countryLabel": "Comoros (the)",
		"countryCommonLabel": "Comoros",
		"contentLanguage": "en"
	},
	{
		"countryCode": "KN",
		"countryLabel": "Saint Kitts and Nevis",
		"countryCommonLabel": "St kitts and Nevis",
		"contentLanguage": "en"
	},
	{
		"countryCode": "KP",
		"countryLabel": "Korea (the Democratic People's Republic of)",
		"countryCommonLabel": "Korea, Demo. People's R.",
		"contentLanguage": "en"
	},
	{
		"countryCode": "KR",
		"countryLabel": "Korea (the Republic of)",
		"countryCommonLabel": "Republic of Korea",
		"contentLanguage": "en"
	},
	{
		"countryCode": "KW",
		"countryLabel": "Kuwait",
		"countryCommonLabel": "Kuwait",
		"contentLanguage": "en"
	},
	{
		"countryCode": "KY",
		"countryLabel": "Cayman Islands (the)",
		"countryCommonLabel": "Cayman Islands",
		"contentLanguage": "en"
	},
	{
		"countryCode": "KZ",
		"countryLabel": "Kazakhstan",
		"countryCommonLabel": "Kazakhstan",
		"contentLanguage": "en"
	},
	{
		"countryCode": "LA",
		"countryLabel": "Lao People's Democratic Republic (the)",
		"countryCommonLabel": "Lao, People's Demo. Rep.",
		"contentLanguage": "en"
	},
	{
		"countryCode": "LB",
		"countryLabel": "Lebanon",
		"countryCommonLabel": "Lebanon",
		"contentLanguage": "en"
	},
	{
		"countryCode": "LC",
		"countryLabel": "Saint Lucia",
		"countryCommonLabel": "Saint Lucia",
		"contentLanguage": "en"
	},
	{
		"countryCode": "LI",
		"countryLabel": "Liechtenstein",
		"countryCommonLabel": "Liechtenstein",
		"contentLanguage": "en"
	},
	{
		"countryCode": "LK",
		"countryLabel": "Sri Lanka",
		"countryCommonLabel": "Sri Lanka",
		"contentLanguage": "en"
	},
	{
		"countryCode": "LR",
		"countryLabel": "Liberia",
		"countryCommonLabel": "Liberia",
		"contentLanguage": "en"
	},
	{
		"countryCode": "LS",
		"countryLabel": "Lesotho",
		"countryCommonLabel": "Lesotho",
		"contentLanguage": "en"
	},
	{
		"countryCode": "LT",
		"countryLabel": "Lithuania",
		"countryCommonLabel": "Lithuania",
		"contentLanguage": "en"
	},
	{
		"countryCode": "LU",
		"countryLabel": "Luxembourg",
		"countryCommonLabel": "Luxembourg",
		"contentLanguage": "en"
	},
	{
		"countryCode": "LV",
		"countryLabel": "Latvia",
		"countryCommonLabel": "Latvia",
		"contentLanguage": "en"
	},
	{
		"countryCode": "LY",
		"countryLabel": "Libya",
		"countryCommonLabel": "Libya",
		"contentLanguage": "en"
	},
	{
		"countryCode": "MA",
		"countryLabel": "Morocco",
		"countryCommonLabel": "Morocco",
		"contentLanguage": "en"
	},
	{
		"countryCode": "MC",
		"countryLabel": "Monaco",
		"countryCommonLabel": "Monaco",
		"contentLanguage": "en"
	},
	{
		"countryCode": "MD",
		"countryLabel": "Moldova (the Republic of)",
		"countryCommonLabel": "Moldova, Republic of",
		"contentLanguage": "en"
	},
	{
		"countryCode": "ME",
		"countryLabel": "Montenegro",
		"countryCommonLabel": "Montenegro",
		"contentLanguage": "en"
	},
	{
		"countryCode": "MF",
		"countryLabel": "Saint Martin (French part)",
		"countryCommonLabel": "French Saint Martin",
		"contentLanguage": "en"
	},
	{
		"countryCode": "MG",
		"countryLabel": "Madagascar",
		"countryCommonLabel": "Madagascar",
		"contentLanguage": "en"
	},
	{
		"countryCode": "MH",
		"countryLabel": "Marshall Islands (the)",
		"countryCommonLabel": "Marshall Islands",
		"contentLanguage": "en"
	},
	{
		"countryCode": "MK",
		"countryLabel": "Macedonia (the former Yugoslav Republic of)",
		"countryCommonLabel": "North Macedonia",
		"contentLanguage": "en"
	},
	{
		"countryCode": "ML",
		"countryLabel": "Mali",
		"countryCommonLabel": "Mali",
		"contentLanguage": "en"
	},
	{
		"countryCode": "MM",
		"countryLabel": "Myanmar",
		"countryCommonLabel": "Myanmar",
		"contentLanguage": "en"
	},
	{
		"countryCode": "MN",
		"countryLabel": "Mongolia",
		"countryCommonLabel": "Mongolia",
		"contentLanguage": "en"
	},
	{
		"countryCode": "MO",
		"countryLabel": "Macao",
		"countryCommonLabel": "Macau",
		"contentLanguage": "en"
	},
	{
		"countryCode": "MP",
		"countryLabel": "Northern Mariana Islands (the)",
		"countryCommonLabel": "Northern Mariana Islands",
		"contentLanguage": "en"
	},
	{
		"countryCode": "MQ",
		"countryLabel": "Martinique",
		"countryCommonLabel": "Martinique",
		"contentLanguage": "en"
	},
	{
		"countryCode": "MR",
		"countryLabel": "Mauritania",
		"countryCommonLabel": "Mauritania",
		"contentLanguage": "en"
	},
	{
		"countryCode": "MS",
		"countryLabel": "Montserrat",
		"countryCommonLabel": "Montserrat",
		"contentLanguage": "en"
	},
	{
		"countryCode": "MT",
		"countryLabel": "Malta",
		"countryCommonLabel": "Malta",
		"contentLanguage": "en"
	},
	{
		"countryCode": "MU",
		"countryLabel": "Mauritius",
		"countryCommonLabel": "Mauritius",
		"contentLanguage": "en"
	},
	{
		"countryCode": "MV",
		"countryLabel": "Maldives",
		"countryCommonLabel": "Maldives",
		"contentLanguage": "en"
	},
	{
		"countryCode": "MW",
		"countryLabel": "Malawi",
		"countryCommonLabel": "Malawi",
		"contentLanguage": "en"
	},
	{
		"countryCode": "MX",
		"countryLabel": "Mexico",
		"countryCommonLabel": "Mexico",
		"contentLanguage": "en"
	},
	{
		"countryCode": "MY",
		"countryLabel": "Malaysia",
		"countryCommonLabel": "Malaysia",
		"contentLanguage": "en"
	},
	{
		"countryCode": "MZ",
		"countryLabel": "Mozambique",
		"countryCommonLabel": "Mozambique",
		"contentLanguage": "en"
	},
	{
		"countryCode": "NA",
		"countryLabel": "Namibia",
		"countryCommonLabel": "Namibia",
		"contentLanguage": "en"
	},
	{
		"countryCode": "NC",
		"countryLabel": "New Caledonia",
		"countryCommonLabel": "New Caledonia",
		"contentLanguage": "en"
	},
	{
		"countryCode": "NE",
		"countryLabel": "Niger (the)",
		"countryCommonLabel": "Niger",
		"contentLanguage": "en"
	},
	{
		"countryCode": "NF",
		"countryLabel": "Norfolk Island",
		"countryCommonLabel": "Norfolk Islands",
		"contentLanguage": "en"
	},
	{
		"countryCode": "NG",
		"countryLabel": "Nigeria",
		"countryCommonLabel": "Nigeria",
		"contentLanguage": "en"
	},
	{
		"countryCode": "NI",
		"countryLabel": "Nicaragua",
		"countryCommonLabel": "Nicaragua",
		"contentLanguage": "en"
	},
	{
		"countryCode": "NL",
		"countryLabel": "Netherlands (the)",
		"countryCommonLabel": "Netherlands",
		"contentLanguage": "en"
	},
	{
		"countryCode": "NO",
		"countryLabel": "Norway",
		"countryCommonLabel": "Norway",
		"contentLanguage": "en"
	},
	{
		"countryCode": "NP",
		"countryLabel": "Nepal",
		"countryCommonLabel": "Nepal",
		"contentLanguage": "en"
	},
	{
		"countryCode": "NR",
		"countryLabel": "Nauru",
		"countryCommonLabel": "Nauru",
		"contentLanguage": "en"
	},
	{
		"countryCode": "NU",
		"countryLabel": "Niue",
		"countryCommonLabel": "Niue",
		"contentLanguage": "en"
	},
	{
		"countryCode": "NZ",
		"countryLabel": "New Zealand",
		"countryCommonLabel": "New Zealand",
		"contentLanguage": "en"
	},
	{
		"countryCode": "OM",
		"countryLabel": "Oman",
		"countryCommonLabel": "Oman",
		"contentLanguage": "en"
	},
	{
		"countryCode": "PA",
		"countryLabel": "Panama",
		"countryCommonLabel": "Panama",
		"contentLanguage": "en"
	},
	{
		"countryCode": "PE",
		"countryLabel": "Peru",
		"countryCommonLabel": "Peru",
		"contentLanguage": "en"
	},
	{
		"countryCode": "PF",
		"countryLabel": "French Polynesia",
		"countryCommonLabel": "French Polynesia",
		"contentLanguage": "en"
	},
	{
		"countryCode": "PG",
		"countryLabel": "Papua New Guinea",
		"countryCommonLabel": "Papua New Guinea",
		"contentLanguage": "en"
	},
	{
		"countryCode": "PH",
		"countryLabel": "Philippines (the)",
		"countryCommonLabel": "Philippines",
		"contentLanguage": "en"
	},
	{
		"countryCode": "PK",
		"countryLabel": "Pakistan",
		"countryCommonLabel": "Pakistan",
		"contentLanguage": "en"
	},
	{
		"countryCode": "PL",
		"countryLabel": "Poland",
		"countryCommonLabel": "Poland",
		"contentLanguage": "en"
	},
	{
		"countryCode": "PM",
		"countryLabel": "Saint Pierre and Miquelon",
		"countryCommonLabel": "Saint Pierre and Miquelon",
		"contentLanguage": "en"
	},
	{
		"countryCode": "PN",
		"countryLabel": "Pitcairn",
		"countryCommonLabel": "Pitcairn",
		"contentLanguage": "en"
	},
	{
		"countryCode": "PR",
		"countryLabel": "Puerto Rico",
		"countryCommonLabel": "Puerto Rico",
		"contentLanguage": "en"
	},
	{
		"countryCode": "PS",
		"countryLabel": "Palestine, State of",
		"countryCommonLabel": "State of Palestine",
		"contentLanguage": "en"
	},
	{
		"countryCode": "PT",
		"countryLabel": "Portugal",
		"countryCommonLabel": "Portugal",
		"contentLanguage": "en"
	},
	{
		"countryCode": "PW",
		"countryLabel": "Palau",
		"countryCommonLabel": "Palau",
		"contentLanguage": "en"
	},
	{
		"countryCode": "PY",
		"countryLabel": "Paraguay",
		"countryCommonLabel": "Paraguay",
		"contentLanguage": "en"
	},
	{
		"countryCode": "QA",
		"countryLabel": "Qatar",
		"countryCommonLabel": "Qatar",
		"contentLanguage": "en"
	},
	{
		"countryCode": "RE",
		"countryLabel": "Réunion",
		"countryCommonLabel": "Reunion",
		"contentLanguage": "en"
	},
	{
		"countryCode": "RO",
		"countryLabel": "Romania",
		"countryCommonLabel": "Romania",
		"contentLanguage": "en"
	},
	{
		"countryCode": "RS",
		"countryLabel": "Serbia",
		"countryCommonLabel": "Serbia",
		"contentLanguage": "en"
	},
	{
		"countryCode": "RU",
		"countryLabel": "Russian Federation (the)",
		"countryCommonLabel": "Russian Federation",
		"contentLanguage": "en"
	},
	{
		"countryCode": "RW",
		"countryLabel": "Rwanda",
		"countryCommonLabel": "Rwanda",
		"contentLanguage": "en"
	},
	{
		"countryCode": "SA",
		"countryLabel": "Saudi Arabia",
		"countryCommonLabel": "Saudi Arabia",
		"contentLanguage": "en"
	},
	{
		"countryCode": "SB",
		"countryLabel": "Solomon Islands",
		"countryCommonLabel": "Solomon Islands",
		"contentLanguage": "en"
	},
	{
		"countryCode": "SC",
		"countryLabel": "Seychelles",
		"countryCommonLabel": "Seychelles",
		"contentLanguage": "en"
	},
	{
		"countryCode": "SD",
		"countryLabel": "Sudan (the)",
		"countryCommonLabel": "Sudan",
		"contentLanguage": "en"
	},
	{
		"countryCode": "SE",
		"countryLabel": "Sweden",
		"countryCommonLabel": "Sweden",
		"contentLanguage": "en"
	},
	{
		"countryCode": "SG",
		"countryLabel": "Singapore",
		"countryCommonLabel": "Singapore",
		"contentLanguage": "en"
	},
	{
		"countryCode": "SH",
		"countryLabel": "Saint Helena, Ascension and Tristan da Cunha",
		"countryCommonLabel": "Saint Helena, Ascension",
		"contentLanguage": "en"
	},
	{
		"countryCode": "SI",
		"countryLabel": "Slovenia",
		"countryCommonLabel": "Slovenia",
		"contentLanguage": "en"
	},
	{
		"countryCode": "SJ",
		"countryLabel": "Svalbard and Jan Mayen",
		"countryCommonLabel": "Svalbard and Jan Mayen",
		"contentLanguage": "en"
	},
	{
		"countryCode": "SK",
		"countryLabel": "Slovakia",
		"countryCommonLabel": "Slovakia",
		"contentLanguage": "en"
	},
	{
		"countryCode": "SL",
		"countryLabel": "Sierra Leone",
		"countryCommonLabel": "Sierra Leone",
		"contentLanguage": "en"
	},
	{
		"countryCode": "SM",
		"countryLabel": "San Marino",
		"countryCommonLabel": "San Marino",
		"contentLanguage": "en"
	},
	{
		"countryCode": "SN",
		"countryLabel": "Senegal",
		"countryCommonLabel": "Senegal",
		"contentLanguage": "en"
	},
	{
		"countryCode": "SO",
		"countryLabel": "Somalia",
		"countryCommonLabel": "Somalia",
		"contentLanguage": "en"
	},
	{
		"countryCode": "SR",
		"countryLabel": "Suriname",
		"countryCommonLabel": "Surinam",
		"contentLanguage": "en"
	},
	{
		"countryCode": "SS",
		"countryLabel": "South Sudan",
		"countryCommonLabel": "South Sudan",
		"contentLanguage": "en"
	},
	{
		"countryCode": "ST",
		"countryLabel": "Sao Tome and Principe",
		"countryCommonLabel": "Sao Tome and Principe",
		"contentLanguage": "en"
	},
	{
		"countryCode": "SV",
		"countryLabel": "El Salvador",
		"countryCommonLabel": "El Salvador",
		"contentLanguage": "en"
	},
	{
		"countryCode": "SX",
		"countryLabel": "Sint Maarten (Dutch part)",
		"countryCommonLabel": "Sint Maarten dutch",
		"contentLanguage": "en"
	},
	{
		"countryCode": "SY",
		"countryLabel": "Syrian Arab Republic",
		"countryCommonLabel": "Syrian Arab Republic",
		"contentLanguage": "en"
	},
	{
		"countryCode": "SZ",
		"countryLabel": "Eswatini",
		"countryCommonLabel": "Eswatini",
		"contentLanguage": "en"
	},
	{
		"countryCode": "TC",
		"countryLabel": "Turks and Caicos Islands (the)",
		"countryCommonLabel": "Turks & Caicos Islands",
		"contentLanguage": "en"
	},
	{
		"countryCode": "TD",
		"countryLabel": "Chad",
		"countryCommonLabel": "Chad",
		"contentLanguage": "en"
	},
	{
		"countryCode": "TF",
		"countryLabel": "French Southern Territories (the)",
		"countryCommonLabel": "French Southern Terr.",
		"contentLanguage": "en"
	},
	{
		"countryCode": "TG",
		"countryLabel": "Togo",
		"countryCommonLabel": "Togo",
		"contentLanguage": "en"
	},
	{
		"countryCode": "TH",
		"countryLabel": "Thailand",
		"countryCommonLabel": "Thailand",
		"contentLanguage": "en"
	},
	{
		"countryCode": "TJ",
		"countryLabel": "Tajikistan",
		"countryCommonLabel": "Tajikistan",
		"contentLanguage": "en"
	},
	{
		"countryCode": "TK",
		"countryLabel": "Tokelau",
		"countryCommonLabel": "Tokelau",
		"contentLanguage": "en"
	},
	{
		"countryCode": "TL",
		"countryLabel": "Timor-Leste",
		"countryCommonLabel": "Timor-Leste",
		"contentLanguage": "en"
	},
	{
		"countryCode": "TM",
		"countryLabel": "Turkmenistan",
		"countryCommonLabel": "Turkmenistan",
		"contentLanguage": "en"
	},
	{
		"countryCode": "TN",
		"countryLabel": "Tunisia",
		"countryCommonLabel": "Tunisia",
		"contentLanguage": "en"
	},
	{
		"countryCode": "TO",
		"countryLabel": "Tonga",
		"countryCommonLabel": "Tonga",
		"contentLanguage": "en"
	},
	{
		"countryCode": "TR",
		"countryLabel": "Turkey",
		"countryCommonLabel": "Turkey",
		"contentLanguage": "en"
	},
	{
		"countryCode": "TT",
		"countryLabel": "Trinidad and Tobago",
		"countryCommonLabel": "Trinidad and Tobago",
		"contentLanguage": "en"
	},
	{
		"countryCode": "TV",
		"countryLabel": "Tuvalu",
		"countryCommonLabel": "Tuvalu",
		"contentLanguage": "en"
	},
	{
		"countryCode": "TW",
		"countryLabel": "Taiwan (Province of China)",
		"countryCommonLabel": "Taiwan",
		"contentLanguage": "en"
	},
	{
		"countryCode": "TZ",
		"countryLabel": "Tanzania, United Republic of",
		"countryCommonLabel": "Tanzania, United Republic",
		"contentLanguage": "en"
	},
	{
		"countryCode": "UA",
		"countryLabel": "Ukraine",
		"countryCommonLabel": "Ukraine",
		"contentLanguage": "en"
	},
	{
		"countryCode": "UG",
		"countryLabel": "Uganda",
		"countryCommonLabel": "Uganda",
		"contentLanguage": "en"
	},
	{
		"countryCode": "UM",
		"countryLabel": "United States Minor Outlying Islands (the)",
		"countryCommonLabel": "US Minor Outlying Islands",
		"contentLanguage": "en"
	},
	{
		"countryCode": "US",
		"countryLabel": "United States of America (the)",
		"countryCommonLabel": "United States",
		"contentLanguage": "en"
	},
	{
		"countryCode": "UY",
		"countryLabel": "Uruguay",
		"countryCommonLabel": "Uruguay",
		"contentLanguage": "en"
	},
	{
		"countryCode": "UZ",
		"countryLabel": "Uzbekistan",
		"countryCommonLabel": "Uzbekistan",
		"contentLanguage": "en"
	},
	{
		"countryCode": "VA",
		"countryLabel": "Holy See (the)",
		"countryCommonLabel": "Holy See (Vatican City S)",
		"contentLanguage": "en"
	},
	{
		"countryCode": "VC",
		"countryLabel": "Saint Vincent and the Grenadines",
		"countryCommonLabel": "St Vincent & Grenadines",
		"contentLanguage": "en"
	},
	{
		"countryCode": "VE",
		"countryLabel": "Venezuela (Bolivarian Republic of)",
		"countryCommonLabel": "Venezuela",
		"contentLanguage": "en"
	},
	{
		"countryCode": "VG",
		"countryLabel": "Virgin Islands (British)",
		"countryCommonLabel": "Virgin Islands, British",
		"contentLanguage": "en"
	},
	{
		"countryCode": "VI",
		"countryLabel": "Virgin Islands (U.S.)",
		"countryCommonLabel": "Virgin Islands, US",
		"contentLanguage": "en"
	},
	{
		"countryCode": "VN",
		"countryLabel": "Viet Nam",
		"countryCommonLabel": "Vietnam",
		"contentLanguage": "en"
	},
	{
		"countryCode": "VU",
		"countryLabel": "Vanuatu",
		"countryCommonLabel": "Vanuatu",
		"contentLanguage": "en"
	},
	{
		"countryCode": "WF",
		"countryLabel": "Wallis and Futuna",
		"countryCommonLabel": "Wallis and Futuna",
		"contentLanguage": "en"
	},
	{
		"countryCode": "WS",
		"countryLabel": "Samoa",
		"countryCommonLabel": "Samoa",
		"contentLanguage": "en"
	},
	{
		"countryCode": "YE",
		"countryLabel": "Yemen",
		"countryCommonLabel": "Yemen",
		"contentLanguage": "en"
	},
	{
		"countryCode": "YT",
		"countryLabel": "Mayotte",
		"countryCommonLabel": "Mayotte",
		"contentLanguage": "en"
	},
	{
		"countryCode": "ZA",
		"countryLabel": "South Africa",
		"countryCommonLabel": "South Africa",
		"contentLanguage": "en"
	},
	{
		"countryCode": "ZM",
		"countryLabel": "Zambia",
		"countryCommonLabel": "Zambia",
		"contentLanguage": "en"
	},
	{
		"countryCode": "ZW",
		"countryLabel": "Zimbabwe",
		"countryCommonLabel": "Zimbabwe",
		"contentLanguage": "en"
	}
]