[
  {
    "companyId": "869138",
    "companyName": "Navistar International Corporation",
    "companyAddress": "1685 Rokon Highway",
    "countryCode": "BW",
    "companyTypeCode": "Company",
    "legalFormCode": "SP",
    "companyIdentifierType": "DUNS",
    "companyIdentifierValue": "759937713",
    "communicationChannelType": "PHONE_NUMBER",
    "communicationChannelValue": "(828) 519-8927",
    "grade": "07 Weak"
  },
  {
    "companyId": "770602",
    "companyName": "Pulte Homes Inc",
    "companyAddress": "1696 Tikteh River",
    "countryCode": "KI",
    "companyTypeCode": "SoleTrader",
    "legalFormCode": "PART",
    "companyIdentifierType": "RNKI",
    "companyIdentifierValue": "02530472096987068400",
    "communicationChannelType": "PHONE_NUMBER",
    "communicationChannelValue": "(422) 374-1516",
    "grade": "07 Weak"
  },
  {
    "companyId": "613406",
    "companyName": "Safeway Inc",
    "companyAddress": "1008 Comu Drive",
    "countryCode": "HR",
    "companyTypeCode": "PublicBody",
    "legalFormCode": "GMBH",
    "companyIdentifierType": "DUNS",
    "companyIdentifierValue": "258218563",
    "communicationChannelType": "PHONE_NUMBER",
    "communicationChannelValue": "(348) 543-8696",
    "grade": "06 Below Average"
  },
  {
    "companyId": "949044",
    "companyName": "Exelon Corporation",
    "companyAddress": "1154 Cune Extension",
    "countryCode": "MS",
    "companyTypeCode": "Company",
    "legalFormCode": "SPRRL",
    "companyIdentifierType": "DUNS",
    "companyIdentifierValue": "375649463",
    "communicationChannelType": "PHONE_NUMBER",
    "communicationChannelValue": "(581) 542-9653",
    "grade": "06 Below Average"
  },
  {
    "companyId": "193731",
    "companyName": "Fisher Scientific International Inc.",
    "companyAddress": "1301 Wipud Mill",
    "countryCode": "SM",
    "companyTypeCode": "Partnership",
    "legalFormCode": "SCORL",
    "companyIdentifierType": "DUNS",
    "companyIdentifierValue": "978055993",
    "communicationChannelType": "PHONE_NUMBER",
    "communicationChannelValue": "(548) 823-9463",
    "grade": "09 Uninsurable"
  },
  {
    "companyId": "884825",
    "companyName": "Allegheny Energy, Inc.",
    "companyAddress": "1281 Uwsi Center",
    "countryCode": "LK",
    "companyTypeCode": "Company",
    "legalFormCode": "PARTI",
    "companyIdentifierType": "DUNS",
    "companyIdentifierValue": "989544476",
    "communicationChannelType": "PHONE_NUMBER",
    "communicationChannelValue": "(438) 364-8063",
    "grade": "03 Good"
  },
  {
    "companyId": "620099",
    "companyName": "Consolidated Edison Inc.",
    "companyAddress": "1301 Ulja View",
    "countryCode": "LV",
    "companyTypeCode": "Partnership",
    "legalFormCode": "SE",
    "companyIdentifierType": "VATLV",
    "companyIdentifierValue": "8323360453361",
    "communicationChannelType": "PHONE_NUMBER",
    "communicationChannelValue": "(386) 278-6484",
    "grade": "08 Distressed"
  },
  {
    "companyId": "908749",
    "companyName": "Adolph Coors Company",
    "companyAddress": "852 Tollo Road",
    "countryCode": "IQ",
    "companyTypeCode": "PublicBody",
    "legalFormCode": "SP",
    "companyIdentifierType": "COCNO",
    "companyIdentifierValue": "1529305723",
    "communicationChannelType": "PHONE_NUMBER",
    "communicationChannelValue": "(552) 417-3114",
    "grade": "06 Below Average"
  },
  {
    "companyId": "517585",
    "companyName": "Ohio Casualty Corp.",
    "companyAddress": "1384 Lolzon Manor",
    "countryCode": "CY",
    "companyTypeCode": "Other",
    "legalFormCode": "CYGP",
    "companyIdentifierType": "RNCY",
    "companyIdentifierValue": "07857651",
    "communicationChannelType": "PHONE_NUMBER",
    "communicationChannelValue": "(901) 552-2216",
    "grade": "02 Strong"
  },
  {
    "companyId": "277672",
    "companyName": "Darden Restaurants Inc.",
    "companyAddress": "1059 Zere Key",
    "countryCode": "GI",
    "companyTypeCode": "Other",
    "legalFormCode": "LTD",
    "companyIdentifierType": "DUNS",
    "companyIdentifierValue": "655802539",
    "communicationChannelType": "PHONE_NUMBER",
    "communicationChannelValue": "(451) 614-9148",
    "grade": "02 Strong"
  },
  {
    "companyId": "040629",
    "companyName": "Werner Enterprises Inc",
    "companyAddress": "330 Perak Path",
    "countryCode": "AF",
    "companyTypeCode": "Other",
    "legalFormCode": "SP",
    "companyIdentifierType": "ROC",
    "companyIdentifierValue": "04073574952781200400",
    "communicationChannelType": "PHONE_NUMBER",
    "communicationChannelValue": "(623) 933-4187",
    "grade": "01 Exceptional"
  },
  {
    "companyId": "883018",
    "companyName": "Arch Coal, Inc.",
    "companyAddress": "1785 Fedfuc Court",
    "countryCode": "BY",
    "companyTypeCode": "PrivateIndividual",
    "legalFormCode": "AFOR",
    "companyIdentifierType": "INNBY",
    "companyIdentifierValue": "7208000598",
    "communicationChannelType": "PHONE_NUMBER",
    "communicationChannelValue": "(824) 713-2877",
    "grade": "09 Uninsurable"
  },
  {
    "companyId": "661130",
    "companyName": "Hartford Financial Services Group Inc.",
    "companyAddress": "1557 Ruhboc Place",
    "countryCode": "PY",
    "companyTypeCode": "Company",
    "legalFormCode": "AUN",
    "companyIdentifierType": "RUC",
    "companyIdentifierValue": "98672386049",
    "communicationChannelType": "PHONE_NUMBER",
    "communicationChannelValue": "(808) 208-7929",
    "grade": "08 Distressed"
  },
  {
    "companyId": "020871",
    "companyName": "CDI Corp.",
    "companyAddress": "1044 Odezoh Mill",
    "countryCode": "SX",
    "companyTypeCode": "PublicBody",
    "legalFormCode": "SCSMX",
    "companyIdentifierType": "DUNS",
    "companyIdentifierValue": "163658095",
    "communicationChannelType": "PHONE_NUMBER",
    "communicationChannelValue": "(508) 238-2867",
    "grade": "09 Uninsurable"
  },
  {
    "companyId": "457304",
    "companyName": "SPX Corp",
    "companyAddress": "1733 Dovuv Drive",
    "countryCode": "ES",
    "companyTypeCode": "Partnership",
    "legalFormCode": "SCAES",
    "companyIdentifierType": "CIF",
    "companyIdentifierValue": "335739663",
    "communicationChannelType": "PHONE_NUMBER",
    "communicationChannelValue": "(502) 956-5291",
    "grade": "02 Strong"
  },
  {
    "companyId": "021830",
    "companyName": "NCR Corporation",
    "companyAddress": "1787 Mocda Parkway",
    "countryCode": "GE",
    "companyTypeCode": "Partnership",
    "legalFormCode": "PARTI",
    "companyIdentifierType": "TAXGE",
    "companyIdentifierValue": "322604502085",
    "communicationChannelType": "PHONE_NUMBER",
    "communicationChannelValue": "(677) 204-3237",
    "grade": "02 Strong"
  },
  {
    "companyId": "000631",
    "companyName": "Robert Half International Inc.",
    "companyAddress": "74 Semoba Trail",
    "countryCode": "HN",
    "companyTypeCode": "PrivateIndividual",
    "legalFormCode": "LTDA",
    "companyIdentifierType": "RTN",
    "companyIdentifierValue": "97376826149411",
    "communicationChannelType": "PHONE_NUMBER",
    "communicationChannelValue": "(361) 684-4980",
    "grade": "02 Strong"
  },
  {
    "companyId": "623238",
    "companyName": "American Express Company",
    "companyAddress": "1974 Tagdu Terrace",
    "countryCode": "CY",
    "companyTypeCode": "PublicBody",
    "legalFormCode": "SCE",
    "companyIdentifierType": "DUNS",
    "companyIdentifierValue": "628061762",
    "communicationChannelType": "PHONE_NUMBER",
    "communicationChannelValue": "(436) 755-5967",
    "grade": "05 Average"
  },
  {
    "companyId": "948408",
    "companyName": "Shopko Stores Inc",
    "companyAddress": "176 Sejva Terrace",
    "countryCode": "DM",
    "companyTypeCode": "SoleTrader",
    "legalFormCode": "SNCMX",
    "companyIdentifierType": "DUNS",
    "companyIdentifierValue": "552404155",
    "communicationChannelType": "PHONE_NUMBER",
    "communicationChannelValue": "(462) 793-5421",
    "grade": "08 Distressed"
  },
  {
    "companyId": "565039",
    "companyName": "Albertson\\'s, Inc.",
    "companyAddress": "1438 Moce Loop",
    "countryCode": "VC",
    "companyTypeCode": "Other",
    "legalFormCode": "SCAMX",
    "companyIdentifierType": "DUNS",
    "companyIdentifierValue": "109608908",
    "communicationChannelType": "PHONE_NUMBER",
    "communicationChannelValue": "(355) 999-5712",
    "grade": "01 Exceptional"
  }
]