UID,<BuyerAdminDataGrpLinksReadServiceV1>,<BuyerInsurabilityReadService-v1>,<BuyerReferenceChangeServiceV1>,<BuyerReviewDeclarationService-v1>,<BuyerSubscriptionServiceV1>,<BuyerSynthesisReadService-v1>,<CalculatePremiumServiceV1>,<CompanyInformationService-v1>,<CompanyInformationService-v2>,<CompanySearchServiceV7>,<ConfidentialListIndicatorReadServiceV1>,<ContactService-v2>,<ContractPortfolioReadService-v1>,<CountryGradeReadService-v1>,<CreditLimitRequestServiceV4>,<CreditLimitService-v1>,<CustomerListRetrieveServiceV2>,<DropDownDataServiceV1>,<EHDocumentManagementService-v1>,<EHFranceClaimsService-v1>,<EHFranceCreditLimitAlertService-v1>,<EventNotificationService-v1>,<EventNotificationService-v2>,<FirstEuroListRepertoireReadService-v1>,<FirstEuroListRepertoireUpdateService-v1>,<GradeInformationRequestServiceV2>,<GradeOpinionReadService-v1>,<GradeOpinionService-v1>,<LimitDetailReadService-v2>,<LimitDetailReadServiceV1>,<ListBuyerRequestsReadService-v2>,<ListBuyerRequestsReadServiceV1>,<ListDetailBuyersReadServiceV1>,<NewPolicyNumbersForQuotesServiceV1>,<NonPaymentOverviewService-v1>,<NoneBindingIndicationOfTermsServiceV1>,<OnRiskTerminatedPoliciesServiceV1>,<OverdueConsultationService-v1>,<OverdueNotificationServiceV2>,<OverdueNotificationServiceV3>,<OverdueService-v1>,<OverdueSubmitService-v1>,<PolicyCreditInsuranceManageService-v1>,<RequestService-v1>,<RiskRatingReadServiceV2>,Name,Category,BU,SmartLink Consultant
10057904,0,0,0,0,0,0,0,0,0,463,0,0,0,0,0,0,0,0,0,0,0,0,0,0,0,155,0,0,0,0,60676,0,0,0,0,0,0,0,0,0,0,0,0,0,0,Trade4Sure,MANUAL CHECK NEEDED,NORTHERN,EuD
10066847,0,0,0,0,0,0,0,0,0,0,0,0,0,0,0,0,0,0,0,0,0,0,0,0,0,1,0,0,0,0,108,0,0,0,0,0,0,0,0,0,0,0,0,0,0,TOYOTA KREDITBANK GMBH,Policyholder,DACH,DiK
10085628,0,0,0,0,0,0,0,0,0,1122,0,0,0,0,4755,0,18954,0,0,0,0,0,0,0,0,0,0,0,0,0,0,0,0,0,0,0,0,0,0,0,0,0,0,0,0,BNP Paribas Factor SA [ France ],Factor / Bank,FRANCE,HaR
10088128,0,0,0,0,0,0,0,0,0,63,0,0,0,0,169,0,459,0,0,0,0,0,0,0,0,0,0,0,0,290,0,0,0,0,0,0,0,0,0,0,0,0,0,0,0,WACKER CHEMIE AG,Policyholder,DACH,DiK
10110999,0,0,0,0,0,0,0,0,0,3,0,0,0,0,0,0,0,0,0,0,0,0,0,0,0,6,0,0,0,0,70,0,0,0,0,0,0,0,0,0,0,0,0,0,0,DEG Alles für das Dach eG,Policyholder,DACH,DiK
10111106,0,0,0,0,0,0,0,0,0,114,0,0,0,0,98,0,1098,0,0,0,0,0,0,0,0,0,0,0,0,0,0,0,0,0,0,0,0,0,0,0,0,0,0,0,0,PAPIERFABRIK AUGUST KOEHLER AG,Policyholder,DACH,DiK
10111902,0,0,0,0,0,0,0,0,0,94,0,0,0,0,214,0,1675,0,0,0,0,0,0,0,0,0,0,0,0,124,0,0,0,0,0,0,0,0,0,0,0,0,0,0,0,TOTAL DEUTSCHLAND,Policyholder,DACH,DiK
10112674,0,0,0,0,0,0,0,4593,0,0,0,0,0,0,0,1291,2395,0,0,0,0,0,0,0,0,0,0,0,0,0,130,0,0,0,0,0,0,0,0,0,0,0,0,0,0,Webhelp (ex FDILogbox),Policyholder,EHWA,TiF
10114265,0,0,0,0,0,0,0,0,0,35,0,0,0,0,66,0,202,0,0,0,0,0,0,0,0,0,0,0,0,0,0,0,0,0,0,0,0,0,0,0,0,0,0,0,0,SÜDPACK VERPACKUNGEN GMBH & CO. KG,Policyholder,DACH,DiK
10117145,0,0,0,0,0,0,0,0,0,316,0,0,0,0,306,0,890,0,0,0,0,0,0,787854,9763,0,0,0,0,979,0,0,0,0,0,0,0,0,0,0,0,0,0,0,0,Adecco Group France,Policyholder,FRANCE,TiF
10118193,1234,0,0,0,0,0,0,0,0,0,0,0,0,0,0,0,0,0,0,0,0,0,0,0,0,0,0,0,0,0,0,0,17714,0,0,0,0,0,0,0,0,0,0,0,0,AGCS - Allianz Global Corporate & Specialty AG,Internal user (EH / AZ Group),DACH,DiK
10119664,0,0,0,0,0,0,286,0,0,0,0,0,0,0,0,0,0,25,0,0,0,0,0,0,0,0,0,0,0,0,0,0,0,37,0,0,15,0,0,0,0,0,0,0,0,MANUAL CHECK NEEDED,MANUAL CHECK NEEDED,MANUAL CHECK NEEDED,MANUAL CHECK NEEDED
10129894,0,0,0,0,0,0,0,0,0,187,0,0,0,0,208,0,91630,0,0,0,0,0,0,0,0,0,0,0,18112,0,0,0,0,0,0,0,0,0,0,0,0,0,0,0,0,DELUBAC,Factor / Bank,FRANCE,TiF
49000105,0,0,0,0,0,0,0,0,0,11247,0,0,0,0,0,0,10717,0,0,0,0,0,0,0,0,0,0,0,0,10713,0,0,0,0,0,0,0,11313,0,0,0,0,0,0,0,MANUAL CHECK NEEDED,MANUAL CHECK NEEDED,MANUAL CHECK NEEDED,MANUAL CHECK NEEDED
49000208,0,0,0,0,0,0,0,0,0,0,0,0,0,0,0,0,12,0,0,0,0,0,0,0,0,0,0,0,0,0,0,0,0,0,0,0,0,0,0,0,0,0,0,0,0,MANUAL CHECK NEEDED,MANUAL CHECK NEEDED,MANUAL CHECK NEEDED,MANUAL CHECK NEEDED
49000279,0,0,0,0,0,0,0,0,0,0,0,0,0,0,0,0,0,0,0,0,0,0,0,0,0,82,0,0,0,0,0,0,0,0,0,0,0,0,0,0,0,0,0,0,0,MANUAL CHECK NEEDED,MANUAL CHECK NEEDED,MANUAL CHECK NEEDED,MANUAL CHECK NEEDED
49000673,0,0,0,0,0,0,0,0,0,0,0,0,0,0,0,0,0,0,0,0,0,0,0,1,0,0,0,0,0,0,0,0,0,0,0,0,0,0,0,0,0,0,0,0,0,MANUAL CHECK NEEDED,MANUAL CHECK NEEDED,MANUAL CHECK NEEDED,MANUAL CHECK NEEDED
49000684,0,0,0,0,0,0,0,0,0,313,0,0,0,0,0,0,0,0,0,0,0,0,0,0,17,0,0,0,0,0,0,0,0,0,0,0,0,0,0,0,0,0,0,0,0,MANUAL CHECK NEEDED,MANUAL CHECK NEEDED,MANUAL CHECK NEEDED,MANUAL CHECK NEEDED
49001422,0,0,0,0,0,0,0,0,0,28,0,0,0,0,11,0,339,0,0,0,0,0,0,158192,98,0,0,0,0,0,0,0,0,0,0,0,0,0,0,0,0,0,0,0,0,GYS,Policyholder,FRANCE,EuD
49100002,0,0,0,0,0,0,0,0,0,21,0,0,0,0,14,0,576,0,0,0,0,0,0,0,0,0,0,0,0,0,0,0,0,0,0,0,0,0,0,0,0,0,0,0,0,TECH DATA GMBH & CO. OHG,Policyholder,DACH,HaR
49100003,0,0,0,0,0,0,0,0,0,1540,0,0,0,0,2173,0,46,0,0,0,0,0,0,0,0,0,0,0,0,0,0,0,0,0,0,0,0,0,0,0,0,0,0,0,257,ICIC,Fronter,MMEA,HaR
49100007,0,0,0,0,0,0,0,0,0,429,0,0,0,0,903,0,47662,0,0,0,0,0,0,0,0,182,0,0,0,0,634,0,0,0,0,0,0,0,0,0,0,0,0,0,0,Arcelormittal,Policyholder,FRANCE,EuD
49100008,0,0,0,0,0,0,0,0,0,18,0,0,0,0,8,0,242,0,0,0,0,0,0,0,0,0,0,0,0,6,313,0,0,0,0,0,0,0,0,0,0,0,0,0,0,BSH Hausgeräte Gesellschaft mbH,Policyholder,EHWA,HaR
49100010,0,0,0,0,0,0,0,0,0,17,0,0,0,0,56,0,883,0,0,0,0,0,0,0,0,0,0,0,0,568,0,0,0,0,0,0,0,0,0,0,0,0,0,0,0,K + S Aktiengesellschaft,Policyholder,EHWA,HaR
49100013,0,0,0,0,0,0,0,0,0,0,0,0,0,0,0,0,47838,0,0,0,0,0,0,0,0,0,0,0,0,0,0,0,0,0,0,0,0,0,0,0,0,0,0,0,0,A.B.S. Global Factoring AG,Factor / Bank,DACH,DiK
49100014,0,0,0,0,0,0,0,0,0,277,0,0,0,0,144,0,722,0,0,0,0,0,0,0,0,0,0,0,0,0,0,0,0,0,0,0,0,0,0,0,0,0,0,0,0,Lamilux HEINRICH STRUNZ GMBH,Policyholder,DACH,DiK
49100015,0,0,0,0,0,0,0,0,0,2970,0,0,0,0,1394,0,86588,0,0,0,0,0,0,0,0,355,0,0,0,0,0,1019,0,0,0,0,0,0,0,0,0,0,0,0,0,ING Commercial Finance B.V,Factor / Bank,NORTHERN,HaR
49100018,0,0,7,0,0,0,0,0,0,6,0,0,0,0,0,0,12286,0,0,0,0,0,0,0,0,9,0,0,4,0,434,0,0,0,0,0,0,0,0,0,0,0,0,0,0,Sofidel S.p.A.,Policyholder,MMEA,HaR
49100021,0,0,0,0,0,0,0,0,0,15,0,0,0,0,53,0,5461,0,0,0,0,0,0,0,0,0,0,0,0,60,0,0,0,0,0,0,0,0,0,0,0,0,0,0,0,Semcoglas Holding GmbH,Policyholder,DACH,DiK
49100024,0,0,0,0,0,0,0,0,0,0,0,0,0,0,0,0,0,0,0,0,0,0,0,0,0,0,0,0,0,0,1,0,0,0,0,0,0,0,0,0,0,0,0,0,0,MANUAL CHECK NEEDED,MANUAL CHECK NEEDED,MANUAL CHECK NEEDED,MANUAL CHECK NEEDED
49100026,0,0,0,0,0,0,0,0,0,15957,0,0,0,0,478,0,43143,0,0,0,0,0,0,0,0,0,0,0,0,2014,0,0,0,0,0,0,0,0,0,7,0,0,0,0,0,abcfinance GmbH (Factoring),Factor / Bank,DACH,DiK
49100028,0,0,0,0,0,0,0,0,0,2,0,0,0,0,4,0,43,0,0,0,0,0,0,0,0,0,0,0,0,30,0,0,0,0,0,0,0,0,0,0,0,0,0,0,0,DAW SE (Deutsche Amphibolin-Werke von Robert Murjahn),Policyholder,EHWA,HaR
49100029,0,0,0,0,0,0,0,0,0,8298,0,0,0,0,984,0,54549,0,0,0,0,0,0,0,0,153,0,0,5933,0,8778,0,0,0,0,0,0,0,0,0,0,0,0,0,0,Dentsu Aegis Network Ltd,Policyholder,EHWA,HaR
49100031,0,0,0,0,0,0,0,0,0,11,0,0,0,0,47,0,5075,0,0,0,0,0,0,0,0,0,0,0,0,602,170,0,0,0,0,0,0,0,0,1,0,0,0,0,0,Komsa Kommunikation Sachsen AG,Policyholder,DACH,DiK
49100033,0,0,0,0,0,0,0,0,0,714,0,0,0,0,578,0,14658,0,0,0,0,0,0,0,0,0,0,0,182,0,0,0,0,0,0,0,0,0,0,0,0,0,0,0,0,Total Gas & Power Limited,Policyholder,EHWA,HaR
49100039,0,0,0,0,0,0,0,0,0,0,0,0,0,0,0,0,198,0,0,0,0,0,0,0,0,0,0,0,0,3,0,0,0,0,0,0,0,0,0,0,0,0,0,0,0,Ardagh Packaging Group Limited,Policyholder,EHWA,HaR
49100040,0,0,0,0,0,0,0,0,0,1,0,0,0,0,0,0,110,0,0,0,0,0,0,0,0,0,0,0,0,22,0,0,0,0,0,0,0,0,0,0,0,0,0,0,0,Hansa-Flex Hydraulik GmbH,Policyholder,DACH,DiK
49100041,0,0,0,0,0,0,0,0,0,12,0,0,0,0,6,0,234,0,0,0,0,0,0,0,0,11,0,0,0,1,428,0,0,0,0,0,0,0,0,0,0,0,0,0,0,REIFF Technische Produkte GmbH,Policyholder,DACH,DiK
49100043,0,0,0,0,0,0,0,0,0,106,0,0,0,0,162,0,1065,0,0,0,0,0,0,0,0,0,0,0,0,128,0,0,0,0,0,0,0,0,0,0,0,0,0,0,0,WESTFALEN AG,Policyholder,DACH,DiK
49100046,0,0,0,0,0,0,0,0,0,93,0,0,0,0,671,0,184,0,0,0,0,0,0,0,0,0,0,0,244,0,0,0,0,0,0,0,0,0,0,0,0,0,0,0,0,EUROFACTOR AG,Factor / Bank,DACH,DiK
49100047,0,0,0,0,0,0,0,0,0,12,0,0,0,0,74,0,57,0,0,0,0,0,0,0,0,0,0,0,87,0,0,0,0,0,0,0,0,0,0,0,0,0,0,0,0,SüdFactoring GmbH,Factor / Bank,DACH,Dik
49100048,0,0,0,0,0,0,0,0,0,0,0,0,0,0,0,0,3,0,0,0,0,0,0,0,0,0,0,0,0,0,0,0,0,0,0,0,0,0,0,0,0,0,0,0,0,Orion Engineered Carbons GmbH,Policyholder,EHWA,HaR
49100049,0,0,0,0,0,0,0,0,0,37,0,0,0,0,73,0,5315,0,0,0,0,0,0,0,0,0,0,0,578,0,0,0,0,0,0,0,0,0,0,0,0,0,0,0,0,PB Factoring GmbH,Factor / Bank,DACH,DiK
49100053,0,0,0,0,0,0,0,0,0,21,0,0,0,0,17,0,703,0,0,0,0,0,0,0,0,0,0,0,0,19,0,0,0,0,0,0,0,0,0,0,0,0,0,0,0,Cordes & Graefe KG,Policyholder,DACH,DiK
49100054,0,0,0,0,0,0,0,0,0,12,0,0,0,0,8,0,222,0,0,0,0,0,0,0,0,0,0,0,0,43,0,0,0,0,0,0,0,0,0,0,0,0,0,0,0,COMPO Expert GmbH,Policyholder,EHWA,HaR
49100055,0,0,0,0,0,0,0,0,0,89,0,0,0,0,90,0,1194,0,0,0,0,0,0,0,0,49,0,0,0,1223,432,0,0,0,0,0,0,0,0,0,0,0,0,0,0,Schaeffler Technologies AG & Co. KG,Policyholder,DACH,DiK
49100056,159,0,0,0,2809,0,0,0,0,5577,0,0,0,0,0,0,0,0,0,0,0,0,0,0,0,0,0,0,0,0,0,0,4377,0,0,0,0,0,0,0,0,0,0,0,3375,MANUAL CHECK NEEDED,MANUAL CHECK NEEDED,MANUAL CHECK NEEDED,MANUAL CHECK NEEDED
49100058,0,0,0,0,0,0,0,0,0,346,0,0,0,0,4621,0,5835,0,0,0,0,0,0,0,0,0,0,0,0,0,0,0,0,0,0,0,0,0,0,0,0,0,0,0,0,"Enel S.p.A. 
ENEL L'ENERGIA CHE TI ASCOLTA",Policyholder,MMEA,HaR
49100064,0,0,0,0,0,0,0,0,0,94,0,0,0,0,247,0,12988,0,0,0,0,0,0,0,0,1,0,0,0,12425,0,0,0,0,0,0,0,0,0,0,0,0,0,0,0,ALBIS PLASTIC GmbH,Policyholder,EHWA,HaR
49100069,0,0,0,0,0,0,0,0,0,0,0,0,0,0,626,0,38635,0,0,0,19,0,0,0,0,0,0,0,0,0,0,0,0,0,0,0,0,0,0,0,0,0,0,0,31172,CGA - COMPAGNIE GENERALE D’AFFACTURAGE,Factor / Bank,FRANCE,EuD
49100071,0,0,0,0,0,0,0,0,0,9,0,0,0,0,17,0,232,0,0,0,0,0,0,0,0,0,0,0,0,89,0,0,0,0,0,0,0,0,0,0,0,0,0,0,0,Pirelli Deutschland GmbH Pneumobile GmbH,Policyholder,DACH,DiK
49100072,0,0,0,0,0,0,0,0,0,12,0,0,0,0,16,0,127,0,0,0,0,0,0,0,0,0,0,0,0,0,0,0,0,0,0,0,0,0,0,0,0,0,0,0,0,STAHLGRUBER Otto Gruber AG,Policyholder,DACH,DiK
49100073,0,0,2,0,0,0,0,0,0,32,0,0,0,0,73,0,175,0,0,0,0,0,0,0,0,0,0,0,0,90,0,0,0,0,0,0,0,0,0,0,0,0,0,0,0,rff - Rohr-Flansch-Fitting Handels GmbH,Policyholder,DACH,DiK
49100078,0,0,0,0,0,0,0,0,0,575,0,0,0,0,277,0,0,0,0,0,0,0,0,0,0,0,0,0,0,0,0,0,0,0,0,0,0,0,0,0,0,0,0,0,0,GE Facto Export,Factor / Bank,FRANCE,TiF
49100079,0,0,0,0,0,0,0,0,0,0,0,0,0,0,2,0,431,0,0,0,0,0,0,0,0,0,0,0,0,180,0,0,0,0,0,0,0,0,0,0,0,0,0,0,0,Peter Cremer Holding GmbH & Co. KG,Policyholder,EHWA,HaR
49100080,0,0,0,0,0,0,0,0,0,0,0,0,0,0,0,0,0,0,0,0,0,0,0,0,0,0,0,0,0,0,162,0,0,0,0,0,0,0,0,0,0,0,0,0,0,MANUAL CHECK NEEDED,MANUAL CHECK NEEDED,MANUAL CHECK NEEDED,MANUAL CHECK NEEDED
49100082,0,0,0,0,0,0,0,0,0,212,0,0,0,0,35,0,235,0,0,0,0,0,0,0,0,0,0,0,0,57,0,0,0,0,0,0,0,0,0,0,0,0,0,0,0,RUD Ketten Rieger & Dietz GmbH u. Co. KG,Policyholder,DACH,DiK
49100087,0,0,0,0,0,0,0,0,0,169,0,0,0,0,65,0,1395,0,0,0,0,0,0,0,0,50,0,0,0,26557,195,0,0,0,0,0,0,0,0,0,0,0,0,0,0,PERI GmbH,Policyholder,EHWA,HaR
49100089,0,0,0,0,0,0,0,79,0,236,0,0,0,0,0,0,0,0,0,0,0,0,2184,0,0,154,0,0,0,0,917,0,0,0,0,0,0,0,0,0,0,0,0,0,0,BASF SE,Policyholder,EHWA,HaR
49100090,0,0,0,0,0,0,0,0,0,1,0,0,0,0,0,0,436,0,0,0,0,0,436,0,0,0,0,0,0,0,2620,0,0,0,0,0,0,0,0,0,0,0,0,0,0,American Pharmaceutical Ingredients LLC,Policyholder,AMERICAS,HaR
49100091,0,0,0,0,0,0,0,0,0,0,0,0,0,0,24,0,0,0,0,0,0,0,0,0,0,0,0,0,0,0,0,0,0,0,0,0,0,0,0,0,0,0,0,0,0,TECH DATA FRANCE,Policyholder,EHWA,HaR
49100093,0,0,0,0,0,0,0,0,0,6,0,0,0,0,38,0,4242,0,0,0,0,0,0,0,0,0,0,0,0,1542,0,0,0,0,0,0,0,0,0,0,0,0,0,0,0,Gühring KG,Policyholder,DACH,DiK
49100102,0,0,0,0,0,0,0,0,0,0,0,0,0,0,0,0,0,0,0,0,0,0,0,0,0,0,0,0,0,0,108,0,0,0,0,0,0,0,0,0,0,0,0,0,0,MANUAL CHECK NEEDED,MANUAL CHECK NEEDED,MANUAL CHECK NEEDED,MANUAL CHECK NEEDED
49100111,0,0,0,0,0,0,0,0,0,0,0,0,0,0,0,0,106,0,0,0,0,0,112,0,0,0,0,0,0,0,0,0,0,0,0,0,0,0,0,0,0,0,0,0,0,"Quest Integrated, LLC",Policyholder,AMERICAS,HaR
49100115,0,0,0,0,0,0,0,0,0,0,0,0,0,0,0,0,0,0,0,0,0,0,0,0,0,0,0,0,0,0,386,0,0,0,0,0,0,0,0,0,0,0,0,0,0,MANUAL CHECK NEEDED,MANUAL CHECK NEEDED,MANUAL CHECK NEEDED,MANUAL CHECK NEEDED
49100116,0,0,0,0,0,0,0,0,0,46,0,0,0,0,137,0,1956,0,0,0,0,0,0,0,0,0,0,0,0,13268,0,0,0,0,0,0,0,0,0,0,0,0,0,0,0,Avnet Technology Solutions GmbH,Policyholder,EHWA,HaR
49100117,0,0,0,0,0,0,0,0,0,87,0,0,0,0,81,0,1949,0,0,0,0,0,0,0,0,21,0,0,0,30161,372,0,0,0,0,0,0,0,0,0,0,0,0,0,0,CMS Dienstleistungs-GmbH,Policyholder,EHWA,DiK
49100126,0,0,0,0,0,0,0,0,0,263,173,0,0,0,0,0,173,0,0,0,0,0,0,0,0,0,0,0,0,0,0,0,0,0,0,0,0,0,0,0,0,0,0,0,0,CUC,Policyholder,FRANCE,EuD
49100133,0,0,0,0,0,0,0,0,0,20,0,0,0,0,6,0,742,0,0,0,0,0,0,0,0,4,0,0,0,526,242,0,0,0,0,0,0,0,0,0,0,0,0,0,0,COMPO Gesellschaft mbH & Co. KG,Policyholder,DACH,DiK
49100138,0,0,0,0,0,0,0,0,0,80,0,0,0,0,67,0,1231,0,0,0,0,0,0,0,0,0,0,0,0,0,0,0,0,0,0,0,0,0,0,0,0,0,0,0,0,Vaillant Deutschland GmbH & Co. KG,Policyholder,DACH,DiK
49100147,0,0,0,0,0,0,0,0,0,0,0,0,0,0,0,0,6,0,0,0,0,0,0,0,0,0,0,0,0,0,25,0,0,0,0,0,0,0,0,0,0,0,0,0,0,MANUAL CHECK NEEDED,MANUAL CHECK NEEDED,MANUAL CHECK NEEDED,MANUAL CHECK NEEDED
49100148,0,0,0,0,0,0,0,0,0,0,0,0,0,0,0,0,0,0,0,0,0,0,0,0,338,0,0,0,0,0,0,0,0,0,0,0,0,0,0,0,0,0,0,0,0,Groupe Leader Travail Temporaire,Policyholder,FRANCE,TiF
49100152,0,0,0,0,0,0,0,0,0,0,0,0,0,0,0,0,282,0,0,0,0,0,0,0,0,0,0,0,0,0,0,0,0,0,0,0,0,0,0,0,0,0,0,0,0,INTERNATIONAL DAIRY INGREDIENTS (Ingredia),Policyholder,FRANCE,EuD
49100154,0,0,0,0,0,0,0,0,0,593,0,0,0,0,372,0,0,0,0,0,0,0,0,0,393,0,0,0,0,0,0,0,0,0,0,0,0,0,0,0,0,0,0,0,0,Bibby Factor France,Factor / Bank,FRANCE,TiF
49100157,0,0,0,0,0,0,0,0,0,0,0,0,0,0,527,0,434753,0,0,0,0,0,0,0,0,0,0,0,0,436445,0,0,0,0,0,0,0,0,0,0,0,0,0,0,0,DIOT SA,Broker,FRANCE,TiF
49100159,0,0,0,0,0,0,0,0,0,0,0,0,0,0,0,0,0,0,0,0,0,0,0,236,252,0,0,0,0,0,0,0,0,0,0,0,0,0,0,0,0,0,0,0,0,Electis,Policyholder,FRANCE,EuD
49100161,0,0,0,0,0,0,0,1,0,4,0,0,0,0,0,31,2469,0,0,0,0,0,887,0,0,0,0,0,6641,0,1242,0,0,0,0,0,0,0,0,0,0,0,0,0,0,"Global Plastics, LLC",Policyholder,AMERICAS,HaR
49100162,0,0,0,0,0,0,0,0,0,0,0,0,0,0,0,0,47,0,0,0,0,0,0,1,0,0,0,0,0,41,0,0,0,0,0,0,0,0,0,0,0,0,0,0,0,DEXXON DATA MEDIA,Policyholder,FRANCE,EuD
49100164,0,0,0,0,0,0,0,0,0,1,0,0,0,0,0,0,0,0,0,0,0,0,0,0,0,0,0,0,0,0,4505,0,0,0,0,0,0,0,0,0,0,0,0,0,0,Orion Engineered Carbons Holdings GmbH,Policyholder,DACH,DiK
49100169,0,0,0,0,0,0,0,0,0,6568,0,0,0,0,8394,0,16816,0,0,0,0,0,0,0,0,0,0,0,9431,0,0,0,0,0,0,0,0,0,0,0,0,5,0,0,0,Solunion - Mapfre Colombia,Internal user (EH / AZ Group),AMERICAS,EuD
49100170,0,0,0,0,0,0,0,0,0,39,0,0,0,0,103,0,157,0,0,0,0,0,0,0,0,0,0,0,0,2309,0,0,0,0,0,0,0,0,0,0,0,0,0,0,0,Geobra Brandstätter Group (& Playmobil),Policyholder,DACH,DiK
49100173,0,0,0,0,0,0,0,0,0,4362,0,0,0,0,523,0,1219,0,0,0,0,0,0,0,0,6652,0,0,0,0,31530,0,0,0,0,0,0,0,0,0,0,0,0,0,0,Edebex sa-nv,Factor / Bank,NORTHERN,TiF
49100176,0,0,0,0,0,0,0,0,0,0,0,0,0,0,0,0,1329,0,0,0,0,0,0,0,0,0,0,0,0,0,0,0,0,0,0,0,0,0,0,0,0,0,0,0,0,Q8 KUWAIT PETROLEUM ESPAÑA SA,Policyholder,NORTHERN,TiF
49100177,0,0,0,0,0,0,0,0,0,165,0,0,0,0,154,0,5126,0,0,0,0,0,0,0,0,0,0,0,0,75,0,0,0,0,0,0,0,37,0,0,0,17,0,0,0,Credit Suisse AG,Factor / Bank,DACH,DiK
49100180,0,0,0,0,0,0,0,0,1251,0,0,0,0,0,0,0,6772,0,0,0,0,0,990,14377,0,0,0,0,4015,0,0,0,0,0,0,0,0,0,0,0,0,0,0,0,0,SAMSE,Policyholder,FRANCE,EuD
49100181,0,0,0,0,0,0,0,0,0,12,0,0,0,0,0,0,157,0,0,0,0,0,0,0,0,0,0,0,0,31,0,0,0,0,0,0,0,0,0,0,0,0,0,0,0,Protektorwerk Florenz Maisch Gesellschaft mit beschränkter Haftung & Co. KG,Policyholder,DACH,DiK
49100183,0,0,0,0,0,0,0,0,0,6,0,0,0,0,3,0,2109,0,0,0,0,0,0,0,0,0,0,0,0,8,0,0,0,0,0,0,0,0,0,0,0,0,0,0,0,EuroChem Agro GmbH,Policyholder,DACH,HaR
49100190,0,0,0,0,0,0,0,0,0,0,0,0,0,0,0,0,36,0,0,0,0,0,0,0,0,0,0,0,0,0,0,0,0,0,0,0,0,0,0,0,0,0,0,0,0,Exclusive Networks Ltd.,Policyholder,NORTHERN,TiF
49100197,0,0,0,0,0,0,0,0,0,160,0,0,0,0,5,0,152,0,0,0,0,0,0,0,0,0,0,0,7,0,0,0,0,0,0,0,0,0,0,0,0,0,0,0,0,Adecco Group AG,Policyholder,EHWA,HaR
49100198,0,0,0,0,0,0,0,0,0,598,0,0,0,0,44,0,279,0,0,0,0,0,0,0,0,1,0,0,59,0,150,0,0,0,0,0,0,0,0,0,0,0,0,0,0,TER HELL Plastic GmbH,Policyholder,EHWA,HaR
49100199,0,0,0,0,0,0,0,0,0,5,0,0,0,0,0,0,116,0,0,0,0,0,0,0,0,0,0,0,0,0,0,0,0,0,0,0,0,0,0,0,0,0,0,0,0,Ferrero International S.A.,Policyholder,EHWA,HaR
49100199 ,0,0,0,0,0,0,0,0,0,0,0,0,0,0,16,0,0,0,0,0,0,0,0,0,0,0,0,0,0,0,0,0,0,0,0,0,0,0,0,0,0,0,0,0,0,MANUAL CHECK NEEDED,MANUAL CHECK NEEDED,MANUAL CHECK NEEDED,MANUAL CHECK NEEDED
49100203,0,0,0,0,0,0,0,0,0,0,0,0,0,0,0,0,2300,0,0,0,0,0,0,0,0,0,0,0,64407,0,0,0,0,0,0,0,0,0,0,0,0,0,0,0,0,CACIB,Factor / Bank,FRANCE,TiF
49100206,0,0,0,0,0,0,0,0,0,0,0,0,210,0,0,0,8329,0,0,0,0,0,0,0,0,0,0,0,10609,0,0,0,0,0,0,0,0,0,0,0,0,0,0,0,0,ABN AMRO COMMERCIAL FINANCE France,Factor / Bank,FRANCE,TiF
49100208,0,0,0,0,0,0,0,0,0,0,0,0,0,0,0,0,29138,0,0,0,0,0,0,0,0,0,0,0,0,0,27656,0,0,0,0,0,0,0,0,0,0,0,0,0,0,GUARDIAN NEWS & MEDIA LIMITED,Policyholder,NORTHERN,TiF
49100210,0,0,0,0,0,0,0,0,0,0,0,0,2211,0,0,0,216757,0,0,0,0,0,0,0,0,0,0,0,0,0,24404,0,0,0,0,0,0,0,0,0,0,0,0,0,0,ICBA UK,Broker,FRANCE,TiF
49100212,0,0,0,0,0,0,0,0,0,23,0,0,0,0,1,0,6141,0,0,0,0,0,0,0,0,0,0,0,7550,0,22447,0,0,0,0,0,0,1,0,0,0,0,0,0,0,Aon Groep Nederland,Broker,NORTHERN,TiF
49100213,0,0,0,0,0,0,0,0,0,24233,0,0,389,0,0,0,41641,0,0,0,0,0,169795,12785,6149,0,0,0,6412,0,0,0,0,0,0,0,0,0,0,0,0,0,0,0,0,ICBA France,Broker,FRANCE,TiF
49100216,0,0,0,0,0,0,0,0,0,27,0,0,0,0,0,0,10747,0,0,0,0,0,0,0,0,0,0,0,0,0,0,0,0,0,0,0,0,0,0,0,0,0,0,0,0,Natixis Factor,Factor / Bank,FRANCE,EuD
49100219,0,71187,0,0,0,0,0,0,0,98,0,0,0,0,88,0,8335,0,0,0,0,0,0,2068,114,0,0,0,176,0,0,0,71271,0,0,0,0,0,0,0,0,0,0,0,0,GROUPE LEADER EHI,Policyholder,FRANCE,TiF
49100220,0,0,0,0,0,0,0,0,0,0,0,0,0,0,125,0,27375,0,0,0,0,0,0,0,0,0,0,0,0,215,0,0,0,0,0,0,0,0,0,0,0,0,0,0,0,S-Factoring GmbH,Factor / Bank,DACH,DiK
49100222,0,0,0,0,0,0,0,0,0,359,0,0,0,0,104,0,161,0,0,0,0,0,0,0,0,0,0,0,0,103,0,0,0,0,0,0,0,0,0,0,0,0,0,0,0,TOTAL FINANCE GLOBAL SERVICES,Policyholder,FRANCE,EuD
49100223,0,0,0,0,0,0,0,0,0,29,0,0,0,0,69,0,57597,0,0,0,0,0,0,0,0,0,0,0,0,6,0,0,0,0,0,0,0,0,0,0,0,0,0,0,0,ALBA Group plc & Co. KG,Policyholder,DACH,DiK
49100228,0,0,0,0,0,0,0,0,0,0,0,0,0,0,400,0,1498,0,0,0,0,0,0,0,0,0,0,0,0,0,0,0,0,0,0,0,0,0,0,0,0,0,0,0,0,Groupe Menway - Hominis,Policyholder,FRANCE,EuD
49100230,0,0,0,0,0,0,0,0,0,76,0,0,0,0,157,0,5028,0,0,0,0,0,0,0,0,0,0,0,0,6918,0,0,0,0,0,0,0,0,0,0,0,0,0,0,0,ALSO France S.A.S.,Policyholder,FRANCE,EuD
49100231,0,0,0,0,0,0,0,0,0,209,0,0,0,0,440,0,54421,0,0,0,0,0,0,0,0,0,0,0,0,3222,0,0,0,0,0,0,0,0,0,0,0,0,0,0,0,BFS finance GmbH,Factor / Bank,DACH,DiK
49100232,0,0,0,0,0,0,0,0,0,0,0,0,36940,0,0,0,124724,0,0,0,0,0,0,0,0,0,0,0,0,0,0,0,0,0,0,0,0,0,0,0,0,0,0,0,0,AON Global,Broker,NORTHERN,TiF
49100233,0,0,0,0,0,0,0,0,0,224,0,0,0,0,18,0,316,0,0,0,0,0,0,0,0,200,0,0,0,2,313,0,0,0,0,0,0,0,0,0,0,0,0,0,0,Würth Nederland B.V.,Policyholder,EHWA,HaR
49100234,0,0,0,0,0,0,0,0,0,263,0,0,0,0,98,0,35,0,0,0,0,26,0,506,470,0,0,0,36,0,0,0,0,0,0,0,0,0,0,0,0,0,0,0,0,DACHSER France,Policyholder,FRANCE,EuD
49100235,0,0,0,0,0,0,0,0,0,0,0,0,0,0,0,7,0,0,0,0,0,0,0,0,0,0,0,0,18,0,3,0,0,0,0,0,0,0,0,0,0,0,0,0,0,Aartee Bright Bar Ltd,Policyholder,NORTHERN,HaR
49100236,0,0,0,0,0,0,0,0,0,0,0,0,0,0,0,0,0,0,0,0,0,0,0,0,0,0,0,0,0,0,78,0,0,0,0,0,0,0,0,0,0,0,0,0,0,DEKRA Automobil GmbH,Policyholder,DACH,DiK
49100238,0,0,0,0,0,0,0,0,0,0,0,0,0,0,0,0,12420,0,0,0,0,0,0,0,0,0,0,0,0,0,0,0,0,0,0,0,0,0,0,0,0,0,0,0,0,Taylor Maxwell & Co Ltd,Policyholder,NORTHERN,TiF
49100240,0,0,2185,0,0,0,0,650,6643,66815,0,55537,0,0,0,70035,283814,0,0,0,0,0,42782,0,0,0,33979,5974,0,0,0,0,0,0,0,0,0,5225,0,0,283,0,3300,0,0,Solunion SL+,Internal user (EH / AZ Group),SOLUNION,MANUAL CHECK NEEDED
49100242,0,0,0,0,0,176,0,0,0,312,0,0,0,0,0,0,184,0,0,0,0,19,0,228,26,0,0,0,0,0,0,0,0,0,0,0,0,0,0,0,0,0,0,0,0,EDOX,Policyholder,FRANCE,EuD
49100243,0,0,0,0,0,0,0,0,0,173,0,0,0,0,274,0,21619,0,0,0,0,0,0,0,0,0,0,0,1622,0,0,0,0,0,0,0,0,0,0,0,0,0,0,0,0,ACTIV FACTORING AG,Factor / Bank,DACH,DiK
49100247,0,82358,0,0,0,0,0,0,0,89,0,0,0,0,0,0,4986,0,0,0,0,0,0,1095,292,0,0,0,21,0,0,0,82394,0,0,0,0,0,0,0,0,0,0,0,0,FINANCIERE MAUFFREY EHI,Factor / Bank,FRANCE,EuD
49100249,0,0,0,0,0,0,0,0,0,77,0,0,0,0,128,0,13041,0,0,0,0,0,0,0,0,0,0,0,4156,0,0,0,0,0,0,0,0,0,0,0,0,0,0,0,0,Raiffeisenlandesbank Oberösterreich Aktiengesellschaft,Factor / Bank,DACH,DiK
49100250,0,0,0,0,0,0,0,0,0,8,0,0,0,0,43,0,10252,0,0,0,0,0,0,0,0,0,0,0,0,2725,0,0,0,0,0,0,0,0,0,0,0,0,0,0,0,August Storck KG,Policyholder,DACH,DiK
49100252,0,6949,0,0,0,0,0,0,0,4,0,0,0,0,0,0,259,0,0,0,0,0,0,74,2,0,0,0,2,0,0,0,6952,0,0,0,0,0,0,0,0,0,0,0,0,MARIE BRIZARD ET ROGER INTERNATIONAL,Policyholder,FRANCE,EuD
49100253,0,180772,0,0,0,0,0,0,0,233,0,0,0,0,3,0,2614,0,0,0,0,0,0,587,233,0,0,0,174,0,0,0,180864,0,0,0,0,0,0,0,0,0,0,0,0,ETABLISSEMENTS J. SOUFFLET,Policyholder,FRANCE,EuD
49100254,0,0,0,0,0,0,0,0,0,0,0,0,0,0,0,0,12065,0,0,0,0,0,0,0,0,0,0,0,0,0,0,0,0,0,0,0,0,0,0,0,0,0,0,0,0,IMAN GROUP,Policyholder,SOLUNION,EuD
49100256,0,0,0,0,0,0,0,0,0,52,0,0,0,0,0,0,7,0,0,0,0,0,0,0,0,0,0,0,0,0,0,0,0,0,0,0,0,0,0,0,0,0,0,0,0,LA ROBINETTERIE INDUSTRIELLE,Policyholder,FRANCE,MANUAL CHECK NEEDED
49100257,0,0,0,0,0,0,0,0,0,0,0,0,0,0,0,0,1712,0,0,0,0,0,0,0,0,0,0,0,0,0,0,0,0,0,0,0,0,0,0,0,0,0,0,0,0,Nexans,Policyholder,EHWA,HaR
49100258,0,0,0,0,0,0,0,0,0,179,0,0,0,0,285,0,63653,0,0,0,0,0,0,0,0,133,0,0,0,1276,14200,0,0,0,0,0,0,0,0,26,0,0,0,0,0,RHENUS SE & Co. KG,Policyholder,DACH,DiK
49100262,0,46215,0,0,0,0,0,0,0,1,0,0,0,0,0,0,963,0,0,0,0,0,0,160,0,0,0,0,7,0,0,0,46253,0,0,0,0,0,0,0,0,0,0,0,0,SUPRATEC,Policyholder,FRANCE,EuD
49100264,0,0,0,0,0,0,0,0,0,34,0,0,0,0,317,0,28410,0,0,0,0,0,0,0,0,760,0,0,0,0,33873,0,0,0,0,0,0,0,0,0,0,0,0,0,0,TECKENTRUP GMBH & CO. KG,Policyholder,DACH,DiK
49100267,0,0,0,0,0,0,0,0,0,0,0,0,0,0,0,0,47,0,0,0,0,0,0,56,0,0,0,0,0,0,0,0,0,0,0,0,0,0,0,0,0,0,0,0,0,ZOLPAN SAS (Couleurs de Tollens),Policyholder,FRANCE,EuD
49100268,0,28004,0,0,0,0,0,0,0,0,0,0,0,0,0,0,1125,0,0,0,0,0,0,26,0,0,0,0,12,0,0,0,28020,0,0,0,0,0,0,0,0,0,0,0,0,RIWAL France,Policyholder,FRANCE,TiF
49100269,0,0,0,0,0,0,0,0,0,23790,0,0,0,0,233,0,19658,0,0,0,0,0,0,0,19745,0,0,0,0,0,0,0,0,0,0,0,0,0,0,0,0,0,0,0,0,Gazprom,Policyholder,FRANCE,TiF
49100271,0,0,0,0,0,0,0,0,0,0,0,0,0,0,0,0,0,0,0,0,0,0,0,0,0,28,0,0,0,0,640,0,0,0,0,0,0,0,0,0,0,0,0,0,0,HSBC Trinkaus & Burkhardt AG,Factor / Bank,DACH,DiK
49100273,0,0,0,0,0,0,0,0,0,0,0,0,0,0,0,0,572,0,0,0,0,0,0,0,0,0,0,0,0,0,0,0,0,0,0,0,0,0,0,0,0,0,0,0,0,Air Liquide,Policyholder,FRANCE,EuD
49100277,0,0,0,0,0,0,0,0,0,5,0,0,0,0,9,0,333,0,0,0,0,0,0,37,5,0,0,0,0,0,0,0,0,0,0,0,0,0,0,0,0,0,0,0,0,PROMOSAC - MEDIPROTEC,Policyholder,FRANCE,EuD
49100278,0,0,0,0,0,0,0,0,0,350,0,0,0,0,153,0,6685,0,0,0,0,0,0,0,0,0,0,0,0,0,0,0,0,0,0,0,0,0,0,0,0,0,0,0,0,Garantell AB,Policyholder,NORTHERN,TiF
49100279,0,0,0,0,0,0,0,0,0,157,0,0,0,0,0,155,0,0,0,0,0,0,0,0,0,10192,0,0,0,0,583,0,0,0,0,0,0,0,0,0,0,0,0,0,0,"Echo Global Logistics, Inc.",Policyholder,AMERICAS,HaR
49100280,0,0,0,0,0,0,0,0,0,7,0,0,0,0,0,360,432,0,0,0,0,0,351,0,0,0,0,0,680,0,433,0,0,0,0,0,0,0,0,0,0,0,0,0,0,"Peace Textile America, Inc.",Policyholder,AMERICAS,HaR
49100282,0,0,0,0,0,0,0,0,0,2131,0,0,0,0,236,0,1798,0,0,0,0,0,0,574,6924,0,0,0,183,0,0,0,0,0,0,0,0,0,0,0,0,0,0,0,0,PUM PLASTIQUE SAS,Policyholder,FRANCE,TiF
49100283,0,0,0,0,0,0,0,0,0,0,0,0,0,0,0,0,1212,0,0,0,0,0,0,0,0,0,0,0,103402,0,0,0,0,0,0,0,0,0,0,0,0,0,0,0,0,Saint Gobain Emballages / Verallia,Policyholder,FRANCE,EuD
49100284,0,0,0,0,0,0,0,0,0,0,0,0,0,0,0,0,0,0,0,0,0,0,0,1676,784,0,0,0,0,0,0,0,0,0,0,0,0,0,0,0,0,0,0,0,0,BOLLORE ENERGIE,Policyholder,FRANCE,EuD
49100285,0,0,0,0,0,0,0,0,0,0,0,0,0,0,0,0,376,0,0,0,0,0,359,0,0,0,0,0,92,0,378,0,0,0,0,0,0,0,0,0,0,0,0,0,0,"SolvChem, Inc.",Policyholder,AMERICAS,HaR
49100286,0,0,0,0,0,0,0,0,0,1,0,0,0,0,0,0,10355,0,0,0,0,0,0,0,0,0,0,0,9,0,25,0,0,0,0,0,0,0,0,0,0,0,0,0,0,Grespania S.A.,Policyholder,SOLUNION,HaR
49100292,0,0,0,0,0,0,0,0,0,29,0,0,0,0,26,0,797,0,0,0,0,0,0,0,0,0,0,0,0,534,0,0,0,0,0,0,0,0,0,0,0,0,0,0,0,Putzmeister Concrete Pumps GmbH,Policyholder,DACH,DiK
49100297,0,0,19,0,0,0,0,0,0,205,0,0,0,0,0,0,0,0,0,0,0,0,0,0,0,158,0,0,0,0,6771,0,0,0,0,0,0,0,0,0,0,0,0,0,0,ZF FRIEDRICHSHAFEN AG,Policyholder,DACH,DiK
49100300,0,0,0,0,0,0,0,0,0,0,0,0,0,0,0,0,0,0,0,0,0,0,0,0,0,998,0,0,0,0,1623,0,0,0,0,0,0,0,0,0,0,0,0,0,0,COSEC,Internal user (EH / AZ Group),MMEA,EuD
49100301,0,0,0,0,0,0,0,0,0,11,0,0,0,0,39,0,2710,0,0,0,0,0,0,0,0,0,0,0,0,0,0,0,0,0,0,0,0,0,0,0,0,0,0,0,0,Hauptgenossenschaft Nord AG,Policyholder,DACH,DiK
49100304,0,0,0,0,0,0,0,0,0,232,0,0,0,0,299,0,245,0,0,0,0,0,0,0,0,284,0,0,0,0,118,0,0,0,0,0,0,0,0,0,0,0,0,0,0,Telekom Deutschland GmbH,Policyholder,DACH,DiK
49100308,0,0,0,0,0,0,0,0,0,0,0,0,0,0,0,0,19664,0,0,0,0,0,0,6149,0,0,0,0,0,0,0,0,0,0,0,0,0,0,0,0,0,0,0,0,0,ETS DESCOURS ET CABAUD ILE DE FRANCE,Policyholder,FRANCE,EuD
49100310,0,0,18,0,0,0,0,0,0,64,0,0,0,0,26,0,10482,0,0,0,0,0,0,0,0,0,0,0,0,0,0,0,0,0,0,0,0,0,0,0,0,0,0,0,0,DOVISTA,Policyholder,NORTHERN,EuD
49100313,0,0,0,0,0,0,0,0,0,0,0,0,0,0,0,0,1002,0,0,0,0,0,0,52,83,0,0,0,0,0,0,0,0,0,0,0,0,0,0,0,0,0,0,0,0,NOVOFERM,Policyholder,FRANCE,TiF
49100315,0,0,0,0,0,0,0,0,0,0,0,0,0,0,0,0,324,0,0,0,0,0,0,0,0,0,0,0,127,0,0,0,0,0,0,0,0,0,0,0,0,0,0,0,0,Glencore International AG,Policyholder,EHWA,HaR
49100318,0,0,0,0,0,0,0,0,0,0,0,0,0,0,0,0,0,0,0,0,0,0,0,27,626,0,0,0,0,0,0,0,0,0,0,0,0,0,0,0,0,0,0,0,0,CELESTE,Policyholder,FRANCE,TiF
49100319,0,0,0,0,0,0,0,0,0,0,0,0,0,0,0,0,0,0,0,0,0,0,0,0,0,0,0,0,0,0,645,0,0,0,0,0,0,0,0,0,0,0,0,0,0,Soudal N.V.,Policyholder,EHWA,HaR
49100325,0,0,0,0,0,0,0,0,0,2582,0,0,0,0,0,0,30421,0,0,0,0,0,0,0,0,2,0,0,0,0,8308,0,0,0,0,0,0,0,0,0,0,0,0,0,0,COLLECTOR BANK,Factor / Bank,NORTHERN,TiF
49100332,0,0,0,0,0,0,0,0,0,0,0,0,0,0,0,0,0,0,0,0,0,0,0,7,0,0,0,0,0,0,0,0,0,0,0,0,0,0,0,0,0,0,0,0,0,MANUAL CHECK NEEDED,MANUAL CHECK NEEDED,MANUAL CHECK NEEDED,MANUAL CHECK NEEDED
49100334,0,0,0,0,0,0,0,0,0,0,0,0,0,0,0,54,2381,0,0,0,0,0,60,0,0,124,0,0,0,0,1389,0,0,0,0,0,0,0,0,0,0,0,0,0,0,Cortina NV EH Belgium,Policyholder,NORTHERN,TiF
49100337,0,0,0,0,0,0,0,0,0,53,0,0,0,0,104,0,2481,0,0,0,0,0,853,0,0,0,0,0,1891,0,0,0,0,0,0,0,0,0,0,0,0,0,0,0,0,"Rosenthal & Rosenthal, Inc.",Policyholder,AMERICAS,HaR
49100338,0,0,0,0,0,0,0,0,20,871,0,0,0,0,0,0,0,0,0,0,0,0,0,0,0,1034,0,0,0,0,8841,0,0,0,0,0,0,0,0,0,0,0,0,0,0,EH SmartData / Eurelis,Internal user (EH / AZ Group),FRANCE,EuD
49100339,0,0,0,0,0,0,0,0,0,0,0,0,0,0,0,0,611,0,0,0,0,0,0,0,0,0,0,0,0,0,0,0,0,0,0,0,0,0,0,0,0,0,0,0,0,"[ ""Arauco"" ] Celulosa Arauco y Constitucion S.A.",Policyholder,EHWA,HaR
49100340,0,0,0,0,0,0,0,293,0,0,0,0,0,0,0,0,0,0,0,0,0,0,0,0,100,0,0,0,0,0,0,0,0,0,0,0,0,0,0,0,0,0,0,0,0,COPADEX,Policyholder,FRANCE,EuD
49100341,0,0,0,0,0,0,0,0,0,7226,0,0,0,0,0,98533,47325,0,0,0,0,0,51013,10425,0,0,0,0,1,0,0,0,0,0,0,0,0,0,0,0,0,0,0,0,0,Delta Assurance,Broker,FRANCE,TiF
49100342,0,0,0,0,0,0,0,0,0,0,0,0,0,0,0,0,594,0,0,0,0,0,0,0,0,0,0,0,244,0,0,0,0,0,0,0,0,0,0,0,0,0,0,0,0,Unia s.r.l.,Broker,MMEA,HaR
49100344,0,0,0,0,0,0,0,0,0,0,0,0,0,0,0,0,1186,0,0,0,0,0,0,0,0,0,0,0,0,0,0,0,0,0,0,0,0,0,0,0,0,0,0,0,0,DEF,Policyholder,FRANCE,EuD
49100347,0,0,0,0,0,0,0,0,0,10712,0,0,0,0,96,228,4551,0,0,0,0,0,0,20447,367,0,0,0,1645,0,0,0,0,0,0,0,0,0,0,0,0,0,0,0,0,CCL (Comptoir commercial du languedoc),Policyholder,FRANCE,TiF
49100351,0,0,0,0,0,0,0,0,0,0,0,0,0,0,0,0,4726,0,0,0,0,0,0,2191,0,0,0,0,0,0,0,0,0,0,0,0,0,0,0,0,0,0,0,0,0,BOLLORE LOGISTICS,Policyholder,FRANCE,EuD
49100358,0,31318,0,0,0,0,0,0,0,60,0,0,0,0,0,0,1781,0,0,0,0,0,0,425,57,0,0,0,4,0,0,0,31327,0,0,0,0,0,0,0,0,0,0,0,0,IDEX (EHI),Policyholder,FRANCE,EuD
49100359,0,0,0,0,0,0,0,0,0,0,0,0,0,0,0,0,1097,0,0,0,0,0,0,2484,0,0,0,0,706,0,0,0,0,0,0,0,0,0,0,0,0,0,0,0,0,Herige,Policyholder,FRANCE,TiF
49100360,0,0,0,0,0,0,0,0,0,0,0,0,0,0,0,0,520,0,0,0,0,0,0,0,0,0,0,0,0,0,0,0,0,0,0,0,0,0,0,0,0,0,0,0,0,Geodis,Policyholder,FRANCE,EuD
49100362,0,0,0,0,0,0,0,0,0,0,0,0,0,0,0,0,248,0,0,0,0,0,124,0,0,0,0,0,0,0,248,0,0,0,0,0,0,0,0,0,0,0,0,0,0,"Monofrax, LLC",Policyholder,AMERICAS,HaR
49100365,0,0,0,0,0,0,0,0,0,0,0,0,0,0,0,0,1068,0,0,0,0,0,0,494,172,0,0,0,0,0,0,0,0,0,0,0,0,0,0,0,0,0,0,0,0,GROUPE MINOT,Policyholder,FRANCE,EuD
49100367,0,0,0,0,0,0,0,0,0,0,0,0,0,0,176,0,51,0,0,0,0,0,0,1,237,0,0,0,0,0,0,0,0,0,0,0,0,0,0,0,0,0,0,0,0,Agriconomie,Policyholder,FRANCE,TiF
49100370,0,0,0,0,0,0,0,0,0,0,0,0,0,0,0,0,38,0,0,0,0,0,0,0,0,0,0,0,0,0,0,0,0,0,0,0,0,0,0,0,0,0,0,0,0,Glencore Spain,Policyholder,SOLUNION,EuD
49100371,0,0,0,0,0,0,0,0,0,0,0,0,0,0,0,0,20,0,0,0,0,0,36,27,0,0,0,0,22,0,0,0,0,0,0,0,0,0,0,0,0,0,0,0,0,Pernod Ricard,Policyholder,FRANCE,TiF
49100372,0,0,0,0,0,0,0,0,6,49,0,0,0,0,0,0,0,0,0,0,0,0,0,0,0,454,0,0,0,0,6997,0,0,0,0,0,0,0,0,0,0,0,0,0,0,MANUAL CHECK NEEDED,MANUAL CHECK NEEDED,MANUAL CHECK NEEDED,MANUAL CHECK NEEDED
49100373,0,0,0,0,0,0,0,0,18,151,0,0,0,0,0,0,0,0,0,0,0,0,0,0,0,533,0,0,0,0,7457,0,0,0,0,0,0,0,0,0,0,0,0,0,0,MANUAL CHECK NEEDED,MANUAL CHECK NEEDED,MANUAL CHECK NEEDED,MANUAL CHECK NEEDED
49100376,0,0,0,0,0,0,0,0,0,17,0,0,0,0,20,0,56,0,0,0,0,0,0,0,0,0,0,0,0,0,0,0,0,0,0,0,0,0,0,0,0,0,0,0,0,Expedia,Policyholder,NORTHERN,TiF
49100386,0,0,0,0,0,0,0,0,0,5,0,0,0,0,12,0,5432,0,0,0,0,0,0,0,0,0,0,0,0,170,0,0,0,0,0,0,0,0,0,0,0,0,0,0,0,Marubeni - Itochu Steel Europe GmbH,Policyholder,DACH,DiK
49100392,0,0,0,0,0,0,0,0,0,441,0,0,0,0,459,0,4105,0,0,0,0,0,0,0,0,0,0,0,0,0,0,0,0,0,0,0,0,0,0,0,0,0,0,0,0,BNP Paribas Factor GmbH,Factor / Bank,EHWA,HaR
49100394,0,0,0,0,0,0,0,0,0,0,0,0,0,0,0,0,12,0,0,0,0,0,0,0,0,0,0,0,0,0,12,0,0,0,0,0,0,0,0,0,0,0,0,0,0,Enviem,Policyholder,NORTHERN,TiF
49100397,0,0,0,0,0,0,0,0,0,0,0,0,0,0,0,0,566,0,0,0,0,0,0,0,0,0,0,0,130,0,992,0,0,0,0,0,0,0,0,0,0,0,0,0,0,Samsung C&T Deutschland GmbH,Policyholder,DACH,DiK
49100398,0,0,0,0,0,0,0,0,0,0,0,0,0,0,0,0,183,0,0,0,0,0,0,0,0,0,0,0,0,0,0,0,0,0,0,0,0,0,0,0,0,0,0,0,0,TXS GmbH,Software provider,DACH,DiK
49100409,0,0,0,0,0,0,0,0,0,2492,0,0,0,0,150,0,132029,0,0,0,0,0,0,1715,416,0,0,0,28106,0,0,0,0,0,0,0,0,0,0,0,0,0,0,0,0,AURA RHR / Ergalis,Policyholder,FRANCE,TiF
49100410,0,0,0,0,0,0,0,0,14276,22454,0,0,0,0,2275,0,31992,0,0,0,0,0,0,1341,18043,0,0,0,0,0,0,0,0,0,0,0,0,0,0,0,0,0,0,0,0,FINEXKAP,Factor / Bank,FRANCE,Tif
49100414,0,0,0,0,0,4331,0,0,0,0,0,0,0,0,0,0,1040,0,0,0,0,0,0,0,2679,6253,0,0,0,0,7293,0,0,0,0,0,0,0,0,0,0,0,0,0,0,Petit Forestier,Policyholder,FRANCE,TiF
49100416,0,0,0,0,0,0,0,0,0,0,0,0,0,0,0,0,363,0,0,0,0,0,0,0,0,0,0,0,0,0,0,0,0,0,0,0,0,0,0,0,0,0,0,0,0,BUFAB Sweden AB,Policyholder,NORTHERN,TiF
49100418,0,0,0,0,0,0,0,0,0,36,0,0,0,0,4,0,4,0,0,0,0,0,0,0,0,32,0,0,0,0,175,0,0,0,0,0,0,0,0,0,0,0,0,0,0,NMC,Policyholder,NORTHERN,TiF
49100420,0,0,0,0,0,0,0,0,0,8616,0,0,0,0,4,0,8293,0,0,0,0,0,0,0,0,0,0,0,7865,0,0,0,0,0,0,0,0,0,0,0,0,0,0,0,0,Ri.Pa. Belgium nv.,Policyholder,NORTHERN,TiF
49100426,0,0,0,0,0,0,0,0,0,0,0,0,0,0,0,0,36122,0,0,0,0,0,0,0,0,0,0,0,0,0,33882,0,0,0,0,0,0,0,0,0,0,0,0,0,0,Marsh USA Inc.,Broker,AMERICAS,TiF
49100430,0,0,0,0,0,0,0,0,0,0,0,0,0,0,0,0,406,0,0,0,0,0,203,0,0,0,0,0,0,0,0,0,0,0,0,0,0,0,0,0,0,0,0,0,0,Dragon Metals Trading Company,Policyholder,AMERICAS,HaR
49100431,0,0,64,0,0,0,0,0,0,31,0,0,0,0,61,0,1143,0,0,0,0,0,0,0,0,0,0,0,45,0,0,0,0,0,0,0,0,0,0,0,0,0,0,0,0,Eet Group A/S,Policyholder,NORTHERN,TiF
49100433,0,0,0,0,0,0,0,0,0,2,0,0,0,0,0,0,0,0,0,0,0,0,0,0,0,0,0,0,0,0,0,0,0,0,0,0,0,0,0,0,0,0,0,0,0,Infocenter,Policyholder,NORTHERN,TiF
49100434,0,0,0,0,0,0,0,0,0,3429,0,0,0,0,0,0,0,0,0,0,0,0,0,0,0,2247,0,0,0,0,0,0,0,0,0,0,0,0,0,0,0,0,0,0,0,Unicredit,Factor / Bank,MMEA,HaR
49100435,0,0,0,0,0,0,0,0,0,0,0,0,0,0,0,0,0,0,0,0,0,0,0,7,0,0,0,0,0,0,0,0,0,0,0,0,0,0,0,0,0,0,0,0,0,EGENCIA,Policyholder,FRANCE,EuD
49100438,0,0,0,0,0,0,0,0,0,3414,0,0,0,0,0,27,9454,0,0,0,0,0,0,0,0,0,0,0,5,0,24,0,0,0,5821,0,0,265,0,0,0,0,0,0,0,"Prosegur Compañía de Seguridad, S.A (""Prosegur"")",Policyholder,EHWA,HaR
49100440,0,0,0,0,0,0,0,0,0,18,0,0,0,0,0,0,2389,0,0,0,0,0,783,0,0,0,0,0,3631,0,1610,0,0,0,0,0,0,0,0,0,0,0,0,0,0,Marco Polo International LLC,Policyholder,AMERICAS,HaR
49100443,0,0,0,0,0,0,0,0,0,1940,0,0,0,0,2605,0,4523,0,0,0,0,0,0,0,0,0,0,0,0,0,0,0,0,0,0,0,0,0,0,0,0,0,0,0,0,KBC Commercial Finance NV,Policyholder,NORTHERN,HaR
49100444,0,0,0,0,0,0,0,0,0,711,0,0,0,0,535,0,10450,0,0,0,0,0,0,0,0,143,0,0,213,0,9542,0,0,0,0,0,0,0,0,0,0,0,0,0,0,Midt Factoring A/S,Policyholder,NORTHERN,TiF
49100447,0,0,0,0,0,0,0,0,0,7592,0,0,0,0,0,0,0,0,240,40150,0,0,0,0,0,0,0,0,0,0,0,0,0,0,0,0,0,0,0,0,0,0,0,0,0,EHDA,Internal user (EH / AZ Group),GROUP,TiF
49100448,0,0,0,0,0,0,0,0,0,1631,0,0,0,0,0,1305,306668,0,0,0,0,0,0,0,0,404,0,0,0,0,47216,0,0,0,0,0,0,0,0,0,0,0,0,0,0,Bibby Financial Services (Europe) Limited,Factor / Bank,NORTHERN,HaR
49100449,0,0,0,0,0,0,0,0,0,51,0,0,0,0,0,0,0,0,0,0,0,0,0,0,206,0,0,0,0,0,0,0,0,0,0,0,0,0,0,0,0,0,0,0,0,MERCEDES-BENZ CHARTERWAY,Policyholder,FRANCE,EuD
49100451,0,0,0,0,0,0,0,352,0,0,0,0,0,0,0,0,0,0,0,0,0,0,0,2026,3442,0,0,0,0,0,0,0,0,0,0,0,0,0,0,0,0,0,0,0,0,BTF Holding,Policyholder,FRANCE,EuD
49100452,0,0,0,0,0,0,0,0,0,37,0,0,0,0,0,0,53,0,0,0,0,0,0,38,39,0,0,0,0,0,0,0,0,0,0,0,0,0,0,0,0,0,0,0,0,GROUPE CARRE,Policyholder,FRANCE,EuD
49100453,0,0,0,0,0,0,0,0,0,18,0,0,0,0,80,0,0,0,0,0,0,0,0,0,0,0,0,0,0,0,0,0,0,0,0,0,0,0,0,0,0,0,0,0,0,XINDAO B.V.,Policyholder,NORTHERN,TiF
49100454,0,0,0,0,0,0,0,271,0,405,0,0,0,0,404,0,82487,0,0,0,0,0,0,0,0,0,0,0,62319,0,0,0,0,0,0,0,0,0,0,0,0,0,0,0,0,"EMILIA ROMAGNA FACTOR S.P.A. 
[EMIL-RO FACTOR S.P.A.]",Factor / Bank,MMEA,HaR
49100455,0,0,0,0,0,0,0,0,0,753,0,0,0,0,0,0,0,0,0,0,0,0,0,0,0,618,0,0,0,0,433,0,0,0,0,0,0,0,0,0,0,0,0,0,0,Bechtle Aktiengesellschaft,Policyholder,DACH,DiK
49100460,0,0,0,0,0,0,0,0,0,3993,0,0,0,0,0,0,0,0,0,0,0,0,0,0,0,0,0,0,0,0,0,0,0,0,0,0,0,0,0,0,0,0,0,0,0,EULER HERMES SIAC Online Bonding Single Bond,Internal user (EH / AZ Group),MMEA,DiK
49100463,0,0,0,0,0,0,0,0,0,153,0,0,0,0,0,0,0,0,0,0,0,0,0,23,82,0,0,0,0,0,0,0,0,0,0,0,0,0,0,0,0,0,0,0,0,Exelgreen,Policyholder,FRANCE,TiF
49100465,0,0,0,0,0,0,0,0,0,28,0,0,0,0,29,0,1325,0,0,0,0,0,0,0,0,0,0,0,513,0,413,0,0,0,0,0,0,0,0,0,0,0,0,0,0,Ten Cate,Policyholder,EHWA,TiF
49100466,0,0,0,0,0,0,0,0,0,105,0,0,0,0,126,0,48183,0,0,0,0,0,0,0,0,0,0,0,6355,0,0,0,0,0,0,0,0,0,0,0,0,0,0,7578,0,CPIC,Fronter,APAC,EuD
49100471,0,0,0,0,0,0,0,0,0,332,0,0,0,0,14,0,2412,0,0,0,0,0,0,0,0,319,0,0,0,960,402,0,0,0,0,0,0,0,0,0,0,0,0,0,0,BayWa Aktiengesellschaft,Policyholder,DACH,DiK
49100476,0,0,0,0,0,0,0,559,0,198,0,0,0,0,253,431,6225,0,0,0,0,0,4019,0,0,6,0,0,1998,0,850,0,0,0,0,0,0,0,0,0,0,0,0,0,0,"FGI Licensing Insurance Services, LLC [ broker, dba ""FGI Risk"" ]",Broker,AMERICAS,HaR
49100488,0,0,0,0,0,0,0,0,0,0,0,0,0,0,0,0,0,0,0,0,0,0,0,0,0,1126,0,0,0,0,2255,0,0,0,0,0,0,0,0,0,0,0,0,0,0,NEUR SmartLink access (Mendix),Internal user (EH / AZ Group),NORTHERN,TiF
49100488 ,0,0,0,0,0,0,0,0,0,0,0,0,0,0,0,0,0,0,0,0,0,0,0,0,0,0,0,0,0,0,302,0,0,0,0,0,0,0,0,0,0,0,0,0,0,MANUAL CHECK NEEDED,MANUAL CHECK NEEDED,MANUAL CHECK NEEDED,MANUAL CHECK NEEDED
49100489,0,0,0,0,0,0,0,0,0,0,0,0,0,0,0,0,19,0,0,0,0,0,0,0,0,0,0,0,0,0,0,0,0,0,0,0,0,0,0,0,0,0,0,0,0,The Symphony Group PLC,Policyholder,NORTHERN,TiF
49100490,0,0,0,0,0,0,0,0,0,1,0,0,0,0,0,0,49244,0,0,0,0,0,0,0,0,0,0,0,0,0,0,0,0,0,0,0,0,0,0,0,0,0,0,0,0,RUBETRANS Transport GmbH,Policyholder,DACH,DiK
49100493,0,0,0,0,0,0,0,0,0,0,0,0,0,0,0,0,357696,0,0,0,0,0,0,0,0,0,0,0,0,13911,0,0,0,0,0,0,0,0,0,0,0,0,0,0,0,AU Group,Broker,FRANCE,TiF
49100494,0,0,0,0,0,0,0,0,0,0,0,0,0,0,0,0,352,0,0,0,0,0,0,0,0,0,0,0,3159,0,598,0,0,0,0,0,0,0,0,0,0,0,0,0,0,Netafim Ltd.,Policyholder,EHWA,HaR
49100496,0,0,0,0,0,0,0,0,0,17,0,0,0,0,0,0,0,0,0,0,0,0,0,0,0,17,0,0,0,0,919,0,0,0,0,0,0,0,0,0,0,0,0,0,0,EWE Aktiengesellschaft,Policyholder,DACH,DiK
49100497,0,0,0,0,0,0,0,0,0,0,0,0,45,0,0,0,1324,0,0,0,0,0,0,0,0,0,0,0,0,0,0,0,0,0,0,0,0,0,0,0,0,0,0,0,0,Aon France,Broker,FRANCE,TiF
49100498,0,0,0,0,0,0,0,0,0,0,0,0,0,0,2884,0,713885,0,0,0,0,0,0,0,0,0,0,0,0,0,0,0,0,0,0,0,0,0,0,0,0,0,0,0,0,CALEF (Crédit Agricole Leasing & Factoring S.A.),Factor / Bank,FRANCE,TiF
49100499,0,0,0,0,0,0,0,0,0,0,0,0,0,0,0,0,405,0,0,0,0,0,0,0,0,0,0,0,0,0,0,0,0,0,0,0,0,0,0,0,0,0,0,0,0,"ArcelorMittal | Industeel Belgium + France
(without Cormeta)",Policyholder,FRANCE,EuD
49100502,0,0,0,0,0,0,0,0,0,0,0,0,0,0,0,0,8660,0,0,0,0,0,0,7170,578,0,0,0,0,0,0,0,0,0,0,0,0,0,0,0,0,0,0,0,0,Chausson Materiaux,Policyholder,FRANCE,TiF
49100503,0,0,0,0,0,0,0,0,0,0,0,0,0,0,0,0,2,0,0,0,0,0,0,0,0,0,0,0,0,0,0,0,0,0,0,0,0,0,0,0,0,0,0,0,0,Fellow Pay A/S (ex CreditStretcher),Policyholder,NORTHERN,TiF
49100507,0,0,0,0,0,0,0,0,0,0,0,0,0,0,0,0,1917,0,0,0,0,0,0,2045,0,0,0,0,0,0,0,0,0,0,0,0,0,0,0,0,0,0,0,0,0,SNAAM,Policyholder,FRANCE,TiF
49100510,0,0,0,0,0,0,0,0,0,0,0,0,0,0,0,0,724,0,0,0,0,0,0,0,0,0,0,0,0,0,0,0,0,0,0,0,0,0,0,0,0,0,0,0,0,Scheinder Electrics,Policyholder,FRANCE,TiF
49100511,0,0,0,0,0,0,0,0,0,2,0,0,0,0,0,0,1314,0,0,0,0,0,0,0,0,3,0,0,0,6,98,0,0,0,0,0,0,0,0,0,0,0,0,0,0,euro delkredere GmbH & Co. KG,Policyholder,DACH,DiK
49100512,0,0,0,0,0,0,0,0,0,0,0,0,0,0,0,0,76,0,0,0,0,0,0,0,0,0,0,0,35,0,0,0,0,0,0,0,0,0,0,0,0,0,0,0,0,Lux Kapitalmarkt Management AG (Aktiengesellschaft für Umsatzfinanzierung),Factor / Bank,DACH,DiK
49100513,0,0,0,0,0,0,0,0,0,0,0,0,0,0,0,0,1628,0,0,0,0,0,0,0,0,5874,0,0,0,0,47610,0,0,0,0,0,0,0,0,0,0,0,0,0,0,CRIT,Policyholder,FRANCE,TiF
49100516,0,0,0,0,0,0,0,0,0,0,0,0,0,0,0,0,27,0,0,0,0,0,0,0,0,0,0,0,0,0,0,0,0,0,0,0,0,0,0,0,0,0,0,0,0,Lati,Policyholder,MMEA,TiF
49100517,0,0,0,0,0,0,0,0,0,81,0,0,0,0,308,0,7739,0,0,0,0,0,0,0,0,0,0,0,0,923,0,0,0,0,0,0,0,0,0,0,0,0,0,0,0,Ravago (CreditVoyager),Policyholder,NORTHERN,TiF
49100518,0,0,0,0,0,0,0,0,0,0,0,0,0,0,0,0,204,0,0,0,0,0,0,0,0,0,0,0,0,0,0,0,0,0,0,0,0,0,0,0,0,0,0,0,0,SEAC,Policyholder,FRANCE,TiF
49100519,0,194731,0,0,0,0,0,0,0,406,0,0,0,0,260,0,14831,0,0,0,0,0,0,3625,436,0,0,0,994,0,0,0,194852,0,0,0,0,0,0,0,0,0,0,0,0,STEF (EHI),Policyholder,FRANCE,TiF
49100520,0,0,0,0,0,0,0,0,0,0,0,0,0,0,0,0,13,0,0,0,0,0,0,13,0,0,0,0,0,0,0,0,0,0,0,0,0,0,0,0,0,0,0,0,0,ADEQUAT,Policyholder,FRANCE,EuD
49100522,0,0,0,0,0,0,0,0,0,192,0,0,0,0,41,0,119,0,0,0,0,0,0,0,0,0,0,0,91,0,0,0,0,0,0,0,0,0,0,0,0,0,0,0,0,SASOL Wax GmbH,Policyholder,DACH,DiK
49100524,0,0,0,0,0,0,0,0,0,0,0,0,0,0,0,0,434,0,0,0,0,0,0,1466,0,0,0,0,0,0,0,0,0,0,0,0,0,0,0,0,0,0,0,0,0,EDOI,Policyholder,FRANCE,EuD
49100527,0,0,0,0,0,0,0,406,0,848,0,0,0,0,0,0,132,0,0,0,0,0,0,0,547,0,0,0,0,0,0,0,0,0,0,0,0,0,0,0,0,0,0,0,0,Norauto,Policyholder,FRANCE,TiF
49100528,0,0,0,0,0,0,0,0,0,0,0,0,0,0,0,0,75,0,0,0,0,0,0,0,0,0,0,0,0,0,50,0,0,0,0,0,0,0,0,0,0,0,0,0,0,The Senator Group,Policyholder,NORTHERN,TiF
49100530,0,0,0,0,0,0,0,0,0,104,0,0,0,0,0,0,0,0,0,0,0,0,0,0,0,65,0,0,0,0,33,0,0,0,0,0,0,0,0,0,0,0,0,0,0,Bilfinger SE (BoniCheck),Policyholder,DACH,DiK
49100531,0,0,0,0,0,0,0,0,0,0,0,0,0,0,0,0,368,0,0,0,0,0,0,1214,0,0,0,0,0,0,0,0,0,0,0,0,0,0,0,0,0,0,0,0,0,Terrena,Policyholder,FRANCE,TiF
49100532,0,0,0,0,0,0,0,0,0,0,0,0,0,0,0,0,139,0,0,0,0,0,0,0,0,0,0,0,0,0,0,0,0,0,0,0,0,0,0,0,0,0,0,0,0,"LGS Secured Financing II, LLC",Policyholder,AMERICAS,DiK
49100533,0,0,0,0,0,0,0,0,0,101,0,0,0,0,91,0,428,0,0,0,0,0,0,0,0,0,0,0,152,0,0,0,0,0,0,0,0,0,0,0,0,0,0,0,0,Stenn Assets UK Ltd,Policyholder,NORTHERN,EuD
49100534,0,0,0,0,0,0,0,0,0,0,0,0,0,0,0,0,0,0,0,0,0,0,0,0,0,2415,0,0,0,0,596,0,0,0,0,0,0,0,0,0,0,0,0,0,0,Suez Belgium,Policyholder,EHWA,TiF
49100535,0,0,0,0,0,0,0,0,0,0,0,0,0,0,0,0,0,0,24,11,0,0,0,0,0,0,0,0,0,0,0,0,0,0,0,0,0,0,0,0,0,0,0,0,0,Get Moment (Predict Cash),Policyholder,FRANCE,TiF
49100538,0,0,0,0,0,0,0,0,0,0,0,0,0,0,0,0,5937,0,0,0,0,0,0,0,0,0,0,0,24,0,117,0,0,0,0,0,0,0,0,0,0,0,0,0,0,"BH BIKES EUROPE, S.L.",Policyholder,SOLUNION,HaR
49100542,0,0,0,0,0,0,0,0,0,0,0,0,0,0,0,0,342,0,0,0,0,0,0,179,0,0,0,0,0,0,0,0,0,0,0,0,0,0,0,0,0,0,0,0,0,SIAT BRAUN,Policyholder,FRANCE,TiF
49100543,0,0,0,0,0,0,0,0,0,0,0,0,0,0,4,0,4075,0,0,0,0,0,0,0,0,0,0,0,0,4,0,0,0,0,0,0,0,0,0,0,0,0,0,0,0,DZB BANK GmbH,Factor / Bank,DACH,DiK
49100545 ,0,275373,0,0,0,0,0,0,0,663,0,0,0,0,8,0,4909,0,0,0,0,0,0,1390,698,0,0,0,276,0,0,0,275593,0,0,0,0,0,0,0,0,0,0,0,0,MANUAL CHECK NEEDED,MANUAL CHECK NEEDED,MANUAL CHECK NEEDED,MANUAL CHECK NEEDED
49100546,0,0,0,0,0,0,0,0,0,1799,0,0,0,0,1189,0,176465,0,0,0,0,0,0,2933,569,0,0,0,0,1628,0,0,0,0,0,0,0,0,0,0,0,0,0,0,0,LIP (by Intellimind),Policyholder,FRANCE,TiF
49100547,0,0,0,0,0,0,0,0,0,0,0,0,0,0,0,0,3810,0,0,0,0,0,0,2046,0,0,0,0,0,0,0,0,0,0,0,0,0,0,0,0,0,0,0,0,0,Groupe DOMINO,Policyholder,FRANCE,EuD
49100548,0,0,0,0,0,0,0,0,0,33,0,0,0,0,0,0,0,0,0,0,0,0,0,0,0,19,0,0,0,0,12,0,0,0,0,0,0,0,0,0,0,0,0,0,0,Rabobank (Mendix),Internal user (EH / AZ Group),NORTHERN,TiF
49100551,0,0,0,0,0,0,0,0,0,0,0,0,0,0,0,0,640,0,0,0,0,0,0,82308,0,0,0,0,0,0,0,0,0,0,0,0,0,0,0,0,0,0,0,0,0,Paprec,Policyholder,FRANCE,TiF
49100556,0,0,0,0,0,0,0,0,0,573351,0,0,0,0,0,0,570348,0,0,0,0,0,0,1,0,0,0,0,0,0,0,0,0,0,0,0,0,0,0,0,0,0,0,0,0,Fichet Groupe,Policyholder,FRANCE,TiF
49100558,0,0,0,0,0,0,0,0,0,0,0,0,0,0,0,0,773,0,0,0,0,0,0,0,0,0,0,0,0,0,0,0,0,0,0,0,0,0,0,0,0,0,0,0,0,Groupe Gascogne via Eloficash,Policyholder,FRANCE,TiF
49100564,0,0,0,0,0,0,0,0,0,0,0,0,0,0,0,0,249,0,0,0,0,0,0,26,0,0,0,0,5169,0,0,0,0,0,0,0,0,0,0,0,0,0,0,0,0,Lafi,Policyholder,FRANCE,EuD
49100566,0,0,0,0,0,0,0,0,0,8,0,0,0,0,0,0,0,0,0,0,0,0,0,0,0,0,0,0,0,0,52,0,0,0,0,0,0,0,0,0,0,0,0,0,0,GasLINE GmbH & Co. KG,Policyholder,DACH,DiK
49100577,0,0,0,0,0,0,0,0,0,1,0,0,0,0,11,0,517,0,0,0,0,0,0,0,0,0,0,0,0,1,0,0,0,0,0,0,0,0,0,0,0,0,0,0,0,TÜV SÜD AG,Policyholder,EHWA,HaR
49100582,0,0,0,0,0,0,0,0,0,0,0,0,0,0,0,0,514,0,0,0,0,0,0,0,0,204,0,0,0,0,0,0,0,0,0,0,0,0,0,0,0,0,0,0,0,Sappi International,Policyholder,NORTHERN,HaR
49100584,0,0,0,0,0,0,0,0,0,0,0,0,0,0,0,0,153,0,0,0,0,0,0,0,0,0,0,0,0,0,0,0,0,0,0,0,0,0,0,0,0,0,0,0,0,"Tradeplus24 AG
Swiss Working Capital AG",Policyholder,DACH,DiK
49100594,0,0,0,0,2,0,0,0,0,0,0,0,0,0,0,0,0,0,0,0,0,0,0,0,0,0,0,0,0,0,0,0,0,0,0,0,0,0,0,0,0,0,0,0,0,NaN,EULER HERMES SIAC S P A,Internal user (EH / AZ Group),MMEA,DiK
49100595,0,0,0,0,0,0,0,0,0,173,0,0,0,0,503,0,2189,0,0,0,0,0,0,0,0,0,0,0,0,3786,0,0,0,0,0,0,0,0,0,0,0,0,0,0,0,UNION TANK Eckstein GmbH & Co. KG,Policyholder,DACH,DiK
49100597,0,0,0,0,0,0,0,0,0,8,0,0,0,0,0,0,628,0,0,0,0,0,539,0,0,0,0,0,0,0,0,0,0,0,0,0,0,0,0,0,0,0,0,0,0,"Infinity Global, Inc.",Policyholder,AMERICAS,HaR
49100598,0,0,0,0,0,0,0,0,0,0,0,0,0,0,0,0,0,0,0,0,0,0,0,0,0,0,0,0,0,0,74,0,0,0,0,0,0,0,0,0,0,0,0,0,0,Verlag C.H. Beck oHG,Policyholder,DACH,DiK
49100600,0,0,0,0,0,0,0,0,0,2,0,0,0,0,2,0,1,0,0,0,0,0,0,12,4,0,0,0,0,0,0,0,0,0,0,0,0,0,0,0,0,0,0,0,0,MANUAL CHECK NEEDED,MANUAL CHECK NEEDED,MANUAL CHECK NEEDED,MANUAL CHECK NEEDED
49100601,0,0,0,0,0,0,0,0,0,0,0,0,0,0,0,0,22,0,0,0,0,0,0,0,0,0,0,0,0,0,0,0,0,0,0,0,0,0,0,0,0,0,0,0,0,Synthos Styrenics Services B.V,Policyholder,NORTHERN,TiF
49100602,0,0,0,0,0,0,0,0,0,9,0,0,0,0,0,0,25,0,0,0,0,0,0,0,0,0,0,0,2,0,0,0,0,0,0,0,0,0,0,0,0,0,0,0,0,Partspoint Group B.V.,Policyholder,NORTHERN,TiF
49100604,0,0,0,0,0,0,0,0,0,0,0,0,0,0,0,0,130,0,0,0,0,0,0,0,0,0,0,0,0,0,0,0,0,0,0,0,0,0,0,0,0,0,0,0,0,"Wolverine World Wide, Inc.",Policyholder,EHWA,HaR
49100605,0,0,0,0,0,0,0,0,0,1,0,0,0,0,1,0,434,0,0,0,0,0,315,0,0,0,0,0,59,0,0,0,0,0,0,0,0,0,0,0,0,0,0,0,0,"Mount Vernon Mills, Inc.",Policyholder,AMERICAS,HaR
49100606,0,0,0,0,0,0,0,0,0,13,0,0,0,0,23,0,89,0,0,0,0,0,0,0,0,0,0,0,0,0,0,0,0,0,0,0,0,0,0,0,0,0,0,0,0,Chr. Olesen AS,Policyholder,NORTHERN,EuD
49100607,0,0,0,0,0,0,0,0,0,0,0,0,0,0,0,0,1645,0,0,0,0,0,0,0,0,0,0,0,207,0,23,0,0,0,0,0,0,0,0,0,0,0,0,0,0,MANUAL CHECK NEEDED,MANUAL CHECK NEEDED,MANUAL CHECK NEEDED,MANUAL CHECK NEEDED
49100610,0,0,2,0,0,0,0,0,0,94,0,0,0,0,58,0,50,0,0,0,0,0,0,0,0,0,0,0,0,0,19,0,0,0,0,0,0,0,0,0,0,0,0,0,0,FAI Service,Policyholder,MMEA,TiF
49100613,0,0,0,0,0,0,0,0,0,9701,0,0,0,0,5,0,46,0,0,0,0,0,0,13,13,0,0,0,0,0,0,0,0,0,0,0,0,0,0,0,0,0,0,0,0,Haddad Brand Europe,Policyholder,FRANCE,TiF
49100614,0,0,0,0,0,0,0,0,0,0,0,0,0,0,0,0,2929,0,0,0,0,0,0,2459,0,0,0,0,0,0,0,0,0,0,0,0,0,0,0,0,0,0,0,0,0,RAS Interim,Policyholder,FRANCE,TiF
49100615,0,0,0,0,0,0,0,0,0,0,0,0,0,0,0,0,11407,0,0,0,0,0,0,1671,0,0,0,0,0,0,0,0,0,0,0,0,0,0,0,0,0,0,0,0,0,AS 24,Policyholder,FRANCE,EuD
49100618,0,0,0,0,0,0,0,0,0,11864,0,0,0,0,98,0,1815,0,0,0,0,0,0,0,0,0,0,0,1137,0,0,0,0,0,0,0,0,0,0,0,0,0,0,0,0,MANUAL CHECK NEEDED,MANUAL CHECK NEEDED,MANUAL CHECK NEEDED,MANUAL CHECK NEEDED
49100619,0,0,0,0,0,0,0,0,0,76,0,0,0,0,0,0,0,0,0,0,0,0,0,0,0,0,0,0,0,0,26,0,0,0,0,0,0,0,0,0,0,0,0,0,0,MANUAL CHECK NEEDED,MANUAL CHECK NEEDED,MANUAL CHECK NEEDED,MANUAL CHECK NEEDED
49100621,0,0,0,0,0,0,0,0,23306,0,0,0,0,0,77,0,116059,0,0,0,0,0,0,0,0,47,0,0,5726,0,118886,0,0,0,0,0,0,0,0,0,0,0,0,0,0,Dacapo Stainless A/S,Policyholder,NORTHERN,EuD
49100622,0,0,0,0,0,0,0,0,0,78,0,0,0,0,125,0,1045,0,0,0,0,0,0,0,0,26,0,0,0,450,282,0,0,0,0,0,0,0,0,0,0,0,0,0,0,MANUAL CHECK NEEDED,MANUAL CHECK NEEDED,MANUAL CHECK NEEDED,MANUAL CHECK NEEDED
49100623,0,0,0,0,0,0,0,0,0,0,0,0,0,0,0,0,139,0,0,0,0,0,0,0,0,0,0,0,0,0,0,0,0,0,0,0,0,0,0,0,0,0,0,0,0,NTS Netherlands Trade Solutions N.V,Policyholder,NORTHERN,DiK
49100628,0,0,0,0,0,0,0,0,0,0,0,0,0,0,0,0,1979,0,0,0,0,0,0,0,0,0,0,0,0,1,0,0,0,0,0,0,0,0,0,0,0,0,0,0,0,Schuler Konstruktionen GmbH & Co. KG,Policyholder,DACH,DiK
49100633,0,0,0,0,0,0,0,0,0,4,0,0,0,0,0,0,795,0,0,0,0,0,565,0,0,0,0,0,21,0,0,0,0,0,0,0,0,0,0,0,0,0,0,0,0,"Down-Lite International, Inc.",Policyholder,AMERICAS,HaR
49100634,0,0,0,0,0,0,0,0,0,0,0,0,0,0,0,0,1300,0,0,0,0,0,0,0,0,0,0,0,0,0,0,0,0,0,0,0,0,0,0,0,0,0,0,0,0,Seaborn AS,Policyholder,NORTHERN,EuD
49100641,0,0,0,0,0,0,0,0,0,678,0,0,0,0,0,0,0,0,0,0,0,0,0,0,0,152985,0,0,0,0,0,0,0,0,0,0,0,0,0,0,0,0,0,0,0,DK Multi Wear A/S,policyholder,NORTHERN,EuD
49100643,0,0,0,0,0,0,0,0,0,3,0,0,0,0,16,0,821,0,0,0,0,0,410,0,0,0,0,0,261,0,412,0,0,0,0,0,0,0,0,0,0,0,0,0,0,"Ruggiero Seafood, Inc.",Policyholder,AMERICAS,HaR
49100645,0,0,0,0,0,0,0,0,0,0,0,0,0,0,0,0,267831,0,0,0,0,0,0,0,0,0,0,0,0,1266,0,0,0,0,0,0,0,0,0,0,0,0,0,0,0,MANUAL CHECK NEEDED,MANUAL CHECK NEEDED,MANUAL CHECK NEEDED,MANUAL CHECK NEEDED
49100661,0,0,0,0,0,0,0,0,0,0,0,0,0,0,0,0,278,0,0,0,0,0,0,0,0,0,0,0,4,0,0,0,0,0,0,0,0,0,0,0,0,0,0,0,0,Verbeek en Bol V.O.F,Policyholder,NORTHERN,TiF
49100662,0,0,0,0,0,0,0,0,0,18,0,0,0,0,0,0,761,0,0,0,0,0,0,0,0,0,0,0,9,0,1,0,0,0,0,0,0,0,0,0,0,0,0,0,0,Nett Staff BV,Policyholder,NORTHERN,TiF
49100663,0,0,0,0,0,0,0,0,0,0,0,0,0,0,0,0,2728,0,0,0,0,0,0,583,0,0,0,0,0,0,0,0,0,0,0,0,0,0,0,0,0,0,0,0,0,Costamagna,Policyholder,FRANCE,TiF
49100665,0,0,0,0,0,0,0,0,0,277,0,0,0,0,1,0,456,0,0,0,0,0,0,0,0,0,0,0,1,0,0,0,0,0,0,0,0,0,0,0,0,0,0,0,0,24-7 Tailorsteel,Policyholder,NORTHERN,TiF
49100669,0,0,0,0,0,0,0,0,0,182,0,0,0,0,71,0,493965,0,0,0,0,0,0,0,0,0,0,0,53,0,0,0,0,0,0,0,0,0,0,0,0,0,0,0,0,Togather Finance,Policyholder,NORTHERN,TiF
49100671,0,0,0,0,0,0,0,0,0,250,0,0,0,0,0,0,208,0,0,0,0,0,0,16682,309,0,0,0,0,0,0,0,0,0,0,0,0,0,0,0,0,0,0,0,0,Salade2fruits,Policyholder,FRANCE,TiF
49100672,0,0,0,0,0,0,0,0,0,0,0,0,0,0,0,0,25,0,0,0,0,0,0,0,7087,0,0,0,0,0,0,0,0,0,0,0,0,0,0,0,0,0,0,0,0,FEM (Flers Ergonomie Métallerie),Policyholder,FRANCE,TiF
49100673,0,0,0,0,0,0,0,0,0,0,0,0,0,0,0,0,624,0,0,0,0,0,0,418,100,0,0,0,0,0,0,0,0,0,0,0,0,0,0,0,0,0,0,0,0,Ayor,Policyholder,FRANCE,TiF
49100674,0,0,0,0,0,0,0,0,0,0,0,0,0,0,0,0,1199,0,0,0,0,0,0,0,0,0,0,0,0,0,0,0,0,0,0,0,0,0,0,0,0,0,0,0,0,SCHNEIDER ELECTRIC (by MyDsoManager),Policyholder,FRANCE,TiF
49100675,0,0,0,0,0,0,0,0,0,0,0,0,0,0,0,0,367,0,0,0,0,0,184,0,0,0,0,0,0,0,367,0,0,0,0,0,0,0,0,0,0,0,0,0,0,Rogers Printing Inc.,Policyholder,AMERICAS,HaR
49100677,0,0,0,0,0,0,0,0,0,1,0,0,0,0,0,0,93,0,0,0,0,0,0,0,0,0,0,0,0,1,52,0,0,0,0,0,0,0,0,0,0,0,0,0,0,Miele & Cie. KG,Policyholder,EHWA,HaR
49100678,0,0,0,0,0,0,0,0,0,0,0,0,0,0,0,0,216,0,0,0,0,0,346,0,0,0,0,0,0,0,0,0,0,0,0,0,0,0,0,0,0,0,0,0,0,Scadlock LLC,Policyholder,AMERICAS,HaR
49100681,0,0,0,0,0,0,0,0,0,0,0,0,0,0,0,0,435,0,0,0,0,0,0,0,0,0,0,0,158,0,461,0,0,0,0,0,0,0,0,0,0,0,0,0,0,"Arrow ECS
[ Division of Arrow Electronics, Inc. ]",Policyholder,EHWA,HaR
49100682,0,0,0,0,0,0,0,0,0,0,0,0,0,0,0,0,275,0,0,0,0,0,0,0,0,0,0,0,17,0,581,0,0,0,0,0,0,0,0,0,0,0,0,0,0,Coöperatie Hoogstraten cv,Policyholder,NORTHERN,TiF
49100684,0,0,0,0,0,0,0,0,0,363,0,0,0,0,0,0,0,0,0,0,0,0,0,55,286,0,0,0,0,0,0,0,0,0,0,0,0,0,0,0,0,0,0,0,0,Gineys,Policyholder,FRANCE,Tif
49100686,0,0,0,0,0,0,0,0,0,0,0,0,0,0,0,0,416,0,0,0,0,0,209,0,0,0,0,0,0,0,0,0,0,0,0,0,0,0,0,0,0,0,0,0,0,DEXTER STAMPING COMPANY LLC,Policyholder,AMERICAS,HaR
49100690,0,0,0,0,0,0,0,0,0,1348,0,0,0,0,142,0,6523,0,0,0,0,0,0,0,0,0,0,0,1423,0,0,0,0,0,0,0,0,0,0,0,0,0,0,0,0,StartPeople USGPeople,Policyholder,FRANCE,TiF
49100691,0,0,0,0,0,0,0,0,0,107,0,0,0,0,582,0,680,0,0,0,0,0,0,0,0,0,0,0,138,0,0,0,0,0,0,0,0,0,0,0,0,0,0,0,0,CALEF (iMX),MANUAL CHECK NEEDED,FRANCE,TiF
49100693,0,0,0,0,0,0,0,0,0,708,0,0,0,0,18,0,129,0,0,0,0,0,0,0,0,0,0,0,16,0,0,0,0,0,0,0,0,0,0,0,0,0,0,0,0,STARK Deutschland GmbH,Policyholder,DACH,DiK
49100694,0,0,0,0,0,0,0,0,109,0,0,0,0,0,0,0,73,0,0,0,0,0,94,163,0,0,0,0,41,0,0,0,0,0,0,0,0,0,0,0,0,0,0,0,0,CARGLASS,Policyholder,FRANCE,Tif
49100695,0,0,0,0,0,0,0,0,0,86,0,0,0,0,14,0,143,0,0,0,0,0,0,0,0,0,0,0,12,0,0,0,0,0,0,0,0,0,0,0,0,0,0,0,0,RKW SE,Policyholder,DACH,DiK
49100696,0,0,0,0,0,0,0,0,0,507,0,0,0,0,0,0,523,0,0,0,0,0,0,0,0,220,0,0,0,0,774,0,0,0,0,0,0,0,0,0,0,0,0,0,0,KTI Laskutus Oy,Policyholder,NORTHERN,TiF
49100698,0,0,0,0,0,0,0,0,0,0,0,0,0,0,0,0,5721,0,0,0,0,0,0,0,0,0,0,0,0,0,0,0,0,0,0,0,0,0,0,0,0,0,0,0,0,"Demica Limited - Project ""LBBW""",Factor / Bank,DACH,DiK
49100699,0,0,0,0,0,0,0,0,0,2787,0,0,0,0,0,0,0,0,0,0,0,0,0,0,0,2785,0,0,0,0,40,0,0,0,0,0,0,0,0,0,0,0,0,0,0,alstria office REIT-AG,Policyholder,DACH,DiK
49100701,0,0,0,0,0,0,0,0,0,33,0,0,0,0,85,0,1943,0,0,0,0,0,0,0,0,0,0,0,0,104,0,0,0,0,0,0,0,0,0,0,0,0,0,0,0,Albert Leymann GmbH & Co. KG,Policyholder,DACH,DiK
49100703,0,0,0,0,0,0,0,0,0,94,0,0,0,0,85,0,402,0,0,0,0,0,0,0,0,0,0,0,0,0,0,0,0,0,0,0,0,0,0,0,0,0,0,0,0,MANUAL CHECK NEEDED,MANUAL CHECK NEEDED,MANUAL CHECK NEEDED,MANUAL CHECK NEEDED
49100704,0,0,0,0,0,0,0,0,0,18,0,0,0,0,19,0,49,0,0,0,0,0,0,0,0,0,0,0,2,0,0,0,0,0,0,0,0,0,0,0,0,0,0,0,0,ANKER Gebr. Schoeller GmbH + Co. KG,Policyholder,DACH,DiK
49100713,0,0,0,0,0,0,0,0,0,0,0,0,0,0,69,0,669,0,0,0,0,0,0,0,0,0,0,0,0,0,0,0,0,0,0,0,0,0,0,0,0,0,0,0,0,Moneyflow,Policyholder,NORTHERN,TiF
49100716,0,0,0,0,0,0,0,0,0,0,0,0,0,0,0,0,53,0,0,0,0,0,0,0,0,0,0,0,0,0,0,0,0,0,0,0,0,0,0,0,0,0,0,0,0,ADF Groupe,Policyholder,FRANCE,TiF
49100717,0,0,0,0,0,0,0,0,0,0,0,0,0,0,0,0,842,0,0,0,0,0,0,0,0,0,0,0,1238,0,0,0,0,0,0,0,0,0,0,0,0,0,0,0,0,SME Finance UAB,Policyholder,NORTHERN,TiF
49100718,0,0,0,0,0,0,0,0,0,0,0,0,0,0,0,0,253,0,0,0,0,0,0,0,0,0,0,0,0,0,0,0,0,0,0,0,0,0,0,0,0,0,0,0,0,Garcia B.V,Policyholder,NORTHERN,TiF
49100719,0,0,0,0,0,0,0,0,0,0,0,0,0,0,0,0,25,0,0,0,0,0,0,0,0,0,0,0,0,0,52,0,0,0,0,0,0,0,0,0,0,0,0,0,0,Mutsaers Textiles,Policyholder,NORTHERN,TiF
49100721,0,0,0,0,0,0,0,0,0,0,0,0,0,0,0,0,743,0,0,0,0,0,0,294,0,0,0,0,0,0,0,0,0,0,0,0,0,0,0,0,0,0,0,0,0,Daher,Policyholder,FRANCE,TiF
49100723,0,0,0,0,0,0,0,0,0,0,0,0,0,0,0,0,70,0,0,0,0,0,0,74,0,0,0,0,0,0,0,0,0,0,0,0,0,0,0,0,0,0,0,0,0,Hemmerlin,Policyholder,FRANCE,TiF
49100724,0,0,0,0,0,0,0,0,0,0,0,0,0,0,0,0,252,0,0,0,0,0,0,0,0,0,0,0,0,0,0,0,0,0,0,0,0,0,0,0,0,0,0,0,0,361° Europe B.V.,Policyholder,NORTHERN,TiF
49100726,0,0,0,0,0,0,0,0,0,0,0,0,0,0,0,0,104,0,0,0,0,0,0,0,0,0,0,0,6,0,0,0,0,0,0,0,0,0,0,0,0,0,0,0,0,Greening Components B.V.,Policyholder,NORTHERN,Tif
49100727,0,0,0,0,0,0,0,0,0,0,0,0,0,0,0,0,0,0,0,0,0,0,0,0,79,0,0,0,0,0,0,0,0,0,0,0,0,0,0,0,0,0,0,0,0,SAMSE (without Intractiv),Policyholder,FRANCE,EuD
49100728,0,0,0,0,0,0,0,0,0,0,0,0,0,0,0,0,252,0,0,0,0,0,0,0,0,0,0,0,4,0,1,0,0,0,0,0,0,0,0,0,0,0,0,0,0,Ouwehand Visverwerking B.V,Policyholder,NORTHERN,Tif
49100729,0,0,0,0,0,0,0,0,0,5,0,0,0,0,17,0,8596,0,0,0,0,0,0,0,0,1,0,0,0,183,2213,0,0,0,0,0,0,0,0,0,0,0,0,0,0,Aurubis AG,Policyholder,EHWA + HERM,HaR
49100730,0,0,0,0,0,0,0,0,0,327,0,0,0,0,0,0,0,0,0,0,0,0,0,0,0,371,0,0,0,0,31264,0,0,0,0,0,0,0,0,0,0,0,0,0,0,E. Raiss GmbH + Co. Baustoffhandel KG,Policyholder,DACH,DIK
49100731,0,0,0,0,0,0,0,0,0,0,0,0,0,0,394,0,26,0,0,0,0,0,0,0,0,977,0,0,0,0,81,0,0,0,0,0,0,0,0,0,0,0,0,0,0,Noja (ex LahiRahoitus Oy),Policyholder,NORTHERN,TiF
49100733,0,0,0,0,0,0,0,0,0,567,0,0,0,0,0,14360,17473,0,0,0,0,0,9144,24756,0,0,0,0,1,0,0,0,0,0,0,0,0,0,0,0,0,0,0,0,0,Petit Forestier (via Kwote),Policyholder,FRANCE,TiF
49100734,0,0,0,0,0,0,0,0,0,234,0,0,0,0,259,0,11538,0,0,0,0,0,0,0,0,120,0,0,0,10168,1954,0,0,0,0,0,0,0,0,0,0,0,0,0,0,MANUAL CHECK NEEDED,MANUAL CHECK NEEDED,MANUAL CHECK NEEDED,MANUAL CHECK NEEDED
49100735,0,0,0,0,0,0,0,0,0,6,0,0,0,0,5,0,429,0,0,0,0,0,0,0,0,0,0,0,2499,0,0,0,0,0,0,0,0,0,0,0,0,0,0,0,0,Repower Italy (by Aon),Policyholder,MMEA,Tif
49100738,0,0,0,0,0,0,0,0,0,0,0,0,0,0,0,0,228,0,0,0,0,0,0,0,0,0,0,0,4,0,0,0,0,0,0,0,0,0,0,0,0,0,0,0,0,Aldebaran Commodities (by Credit Manager),PolicyHolder,NORTHERN,TiF
49100739,0,0,0,0,0,0,0,0,0,2,0,0,0,0,0,0,254,0,0,0,0,0,0,0,0,0,0,0,46,0,477,0,0,0,0,0,0,0,0,0,0,0,0,0,0,Combilo B.B. (by Credit Device),PolicyHolder,NORTHERN,TiF
49100741,0,0,0,0,0,0,0,0,0,0,0,0,0,0,0,0,25,0,0,0,0,0,0,0,0,0,0,0,0,0,0,0,0,0,0,0,0,0,0,0,0,0,0,0,0,MANUAL CHECK NEEDED,MANUAL CHECK NEEDED,MANUAL CHECK NEEDED,MANUAL CHECK NEEDED
49100743,0,0,0,0,0,0,0,0,0,0,0,0,0,0,0,0,804,0,0,0,0,0,402,0,0,0,0,0,857,0,0,0,0,0,0,0,0,0,0,0,0,0,0,0,0,Expocredit Corporation,Policyholder,AMERICAS,HaR
49100744,0,0,0,0,0,0,0,0,0,0,0,0,0,0,0,0,30031,0,0,0,0,0,0,0,0,0,0,0,0,350037,59662,0,0,0,0,0,0,0,0,0,0,0,0,0,0,"Omnicom Group Inc.
(app hosted in Azure)",Policyholder,EHWA,HaR
49100745,0,0,0,0,0,0,0,0,0,0,0,0,0,0,15,0,0,0,0,0,0,0,0,0,0,0,0,0,0,0,0,0,0,0,0,0,0,0,0,0,0,0,0,0,0,MANUAL CHECK NEEDED,MANUAL CHECK NEEDED,MANUAL CHECK NEEDED,MANUAL CHECK NEEDED
49100751,0,0,0,0,0,0,0,0,0,1,0,0,0,0,0,0,1,0,0,0,0,0,0,0,0,0,0,0,0,0,0,0,0,0,0,0,0,0,0,0,0,0,0,0,0,Paul Meijering Metalen B.V.,Policyholder,NORTHERN,TF
49100755,0,0,0,0,0,0,0,0,0,0,0,0,0,0,0,0,340,0,0,0,0,0,0,0,0,0,0,0,0,0,0,0,0,0,0,0,0,0,0,0,0,0,0,0,0,DIOT SIACI Crédit,Policyholder,FRANCE,TiF
49100932,0,0,0,0,0,0,0,0,0,0,0,0,0,0,0,0,50,0,0,0,0,0,0,0,0,0,0,0,0,0,0,0,0,0,0,0,0,0,0,0,0,0,0,0,0,AMERICA II GROUP,Policyholder,AMERICAS,DiK
49110341,0,0,0,0,0,0,0,0,0,0,0,0,0,0,0,0,0,0,0,0,0,0,0,192832,0,0,0,0,0,0,0,0,0,0,0,0,0,0,0,0,0,0,0,0,0,MANUAL CHECK NEEDED,MANUAL CHECK NEEDED,MANUAL CHECK NEEDED,MANUAL CHECK NEEDED
49110558,0,0,0,0,0,0,0,0,0,0,0,0,0,0,0,0,0,0,346,31516,0,0,0,0,0,0,0,0,0,0,0,0,0,0,0,0,0,0,0,0,0,0,0,0,0,EH ZenCollect,Internal user (EH / AZ Group),GROUP,TiF
49110675,0,0,0,0,0,0,0,0,0,0,0,0,0,0,0,0,0,0,0,0,0,0,0,0,28,0,0,0,0,0,0,0,0,0,0,0,0,0,0,0,0,0,0,0,0,Groupe Abeo,Policyholder,FRANCE,TiF
50003881,0,0,209,0,0,188,0,0,1278,21225,0,13212,0,104,0,7379,15197,0,0,0,0,0,0,0,0,0,35741,1329,0,0,0,0,0,0,0,0,0,1244,0,0,88,0,518,0,0,Mapfre Spain (IRP PDD project),Internal user (EH / AZ Group),SOLUNION,EuD
55555895,0,0,0,0,0,0,0,0,0,14,0,0,0,0,0,1,31,0,0,0,0,0,0,27,0,0,0,0,0,0,0,0,0,0,0,0,0,0,0,0,0,0,0,0,0,MANUAL CHECK NEEDED,MANUAL CHECK NEEDED,MANUAL CHECK NEEDED,MANUAL CHECK NEEDED
55556710,0,0,0,0,0,0,0,0,2324,5010,0,0,0,0,0,0,0,0,0,0,0,0,0,0,0,0,0,3071,0,0,0,0,0,0,0,0,0,0,0,0,0,0,0,0,0,MANUAL CHECK NEEDED,MANUAL CHECK NEEDED,MANUAL CHECK NEEDED,MANUAL CHECK NEEDED
